;EF;Original;Filtro_1;Filtro_2
0;MIL max;80.0;74.5;79.5
1;MIL min;75.5;69.75;69.5
2;MIL Extreme;77.66666666666667;72.33333333333333;72.5
3;BOW;77.5;73.125;71.625
4;CKNN;77.6;73.5;73.1
5;DIVERSE DENSITY;76.16666666666667;72.66666666666667;71.75
6;EM-DD;76.21428571428571;73.14285714285714;71.71428571428571
7;MILBOOST;72.9375;70.25;69.0
