;EF;Original;Filtro_1;Filtro_2
0;MIL max;95.99326599326601;95.81144781144782;93.98989898989899
1;MIL min;94.07575757575758;94.16666666666666;87.86868686868686
2;MIL Extreme;95.01795735129069;94.77553310886645;90.15039281705948
3;BOW;92.11195286195286;91.65656565656566;87.64057239057239
4;CKNN;90.51515151515152;90.40673400673398;87.33872053872055
5;DIVERSE DENSITY;89.2962962962963;89.11896745230077;86.7132435465769
6;EM-DD;89.3150553150553;89.76094276094275;87.38576238576239
7;MILBOOST;80.70547605686495;81.09562757201645;79.01734474373363
