;EF;Original;Filtro_1;Filtro_2
0;MIL max;65.97439544807966;67.02702702702702;67.02702702702702
1;MIL min;67.78805120910384;67.02702702702705;67.02702702702705
2;MIL Extreme;67.86628733997155;67.02702702702705;67.02702702702705
3;BOW;67.92318634423897;67.02702702702703;67.02702702702703
4;CKNN;69.12944523470838;67.66145092460881;67.55618776671409
5;DIVERSE DENSITY;69.48790896159316;67.55571360834519;67.46799431009957
6;EM-DD;69.06116642958747;67.48018695387115;67.40499898394634
7;MILBOOST;68.63130274843235;67.31027257698665;67.24448310330244
