;EF;Original;Filtro_1;Filtro_2
0;MIL max;67.63659147869674;67.73684210526315;71.59398496240601
1;MIL min;70.1390977443609;67.68671679197995;72.54385964912281
2;MIL Extreme;72.54302422723475;68.97326649958228;73.17794486215539
3;BOW;71.56766917293233;68.1998746867168;72.82017543859648
4;CKNN;73.35588972431077;69.71027568922305;73.75689223057644
5;DIVERSE DENSITY;71.75104427736007;68.22890559732664;71.45112781954887
6;EM-DD;72.10060866451845;67.9939133548156;71.96598639455783
7;MILBOOST;68.01088812256204;64.41752972657207;67.89309363634649
