;EF;Original;Filtro_1;Filtro_2
0;MIL max;67.05547652916074;67.58179231863443;68.12233285917497
1;MIL min;67.31152204836417;67.0412517780939;67.31152204836417
2;MIL Extreme;67.22143195827408;66.86107159791372;67.0412517780939
3;BOW;67.574679943101;66.77098150782362;66.90611664295876
4;CKNN;67.99715504978663;67.14082503556189;67.6842105263158
5;DIVERSE DENSITY;69.53058321479375;67.12422949265056;67.57705073494547
6;EM-DD;69.09774436090225;67.03515545620809;67.42328794960372
7;MILBOOST;68.66330843833276;66.85854314672538;67.19815907844657
