;EF;Original;Filtro_1;Filtro_2
0;MIL max;69.28571428571429;81.30952380952382;81.30952380952382
1;MIL min;69.28571428571428;81.30952380952381;81.30952380952381
2;MIL Extreme;69.28571428571426;81.30952380952382;81.30952380952382
3;BOW;70.625;81.30952380952382;81.30952380952382
4;CKNN;70.35714285714285;80.86507936507937;80.36507936507937
5;DIVERSE DENSITY;70.17857142857143;80.93915343915344;80.52248677248677
6;EM-DD;70.45918367346938;80.99206349206351;80.63492063492065
7;MILBOOST;66.078160430839;77.03199798437893;76.3134408856135
