;EF;Original;Filtro_1;Filtro_2
0;MIL max;71.5;71.0;73.0
1;MIL min;72.25;67.75;70.75
2;MIL Extreme;72.33333333333333;69.66666666666667;72.33333333333333
3;BOW;70.875;69.875;70.25
4;CKNN;70.1;69.9;70.1
5;DIVERSE DENSITY;66.33333333333333;66.33333333333333;66.83333333333333
6;EM-DD;65.14285714285714;65.5;65.85714285714286
7;MILBOOST;63.25;63.5625;63.875
