;EF;Original;Filtro_1;Filtro_2
0;MIL max;57.5;56.0;58.0
1;MIL min;54.25;53.0;54.5
2;MIL Extreme;55.0;54.0;55.0
3;BOW;55.5;53.875;54.75
4;CKNN;56.5;54.6;56.1
5;DIVERSE DENSITY;54.75;54.583333333333336;55.5
6;EM-DD;55.0;55.07142857142857;55.5
7;MILBOOST;54.375;54.4375;54.8125
