;EF;Original;Filtro_1;Filtro_2
0;MIL max;69.28571428571429;81.30952380952382;86.38888888888889
1;MIL min;69.28571428571428;81.30952380952381;86.38888888888889
2;MIL Extreme;69.28571428571426;81.30952380952382;86.3888888888889
3;BOW;71.64682539682539;81.30952380952382;86.38888888888889
4;CKNN;72.95238095238093;81.30952380952381;86.83333333333334
5;DIVERSE DENSITY;72.34126984126985;81.30952380952382;86.75925925925927
6;EM-DD;72.26190476190476;81.30952380952381;87.06349206349206
7;MILBOOST;67.65554138321995;77.3097757621567;80.7265487213404
