;EF;Original;Filtro_1;Filtro_2
0;MIL max;58.0;52.5;55.0
1;MIL min;55.5;53.0;54.0
2;MIL Extreme;56.166666666666664;53.166666666666664;53.833333333333336
3;BOW;56.25;53.125;53.75
4;CKNN;57.4;54.1;54.5
5;DIVERSE DENSITY;56.666666666666664;53.916666666666664;53.833333333333336
6;EM-DD;56.642857142857146;53.92857142857143;54.57142857142857
7;MILBOOST;55.8125;53.4375;54.0
