;EF;Original;Filtro_1;Filtro_2
0;MIL max;68.64160401002506;70.54636591478696;68.4937343358396
1;MIL min;69.54385964912281;69.61779448621553;69.1390977443609
2;MIL Extreme;70.54636591478696;71.24644945697577;68.98913951545529
3;BOW;68.37969924812029;69.05576441102757;68.61528822055138
4;CKNN;68.26065162907268;69.34335839598997;68.64912280701753
5;DIVERSE DENSITY;67.02882205513784;68.08187134502924;67.04302422723475
6;EM-DD;67.73075546007877;67.88292158968851;67.8578589330469
7;MILBOOST;64.18726656867733;64.32041193208586;64.29848210752445
