BOW;MIL-EF-CON;MIL-CVCF-CON;MIL-IPF-CON;MIL-EF-MAX;MIL-CVCF-MAX;MIL-IPF-MAX
Musk 1;75.3874269;65.82602339;63.21637427;74.32748538;57.2002924;57.49269006
Musk 2;69.31735589;66.46052632;64.21428571;70.51002506;62.59711779;67.16322055
Muta 1;66.63584637;69.14829303;68.01742532;67.02702703;68.76422475;67.62446657
Muta 2;81.30952381;76.78571429;74.00793651;81.30952381;54.96527778;81.50793651
Tiger;73.5625;70.3125;69.75;68.375;64.5625;69.875
Fox;55.5625;57.875;57.0625;55.1875;53.0625;60.25
Elephant;72.625;69.8125;74.4375;72.375;67.1875;61.9375
BRCR;84.43049764;86.13921511;86.08871507;85.33088948;76.16783694;39.45
WIWR;91.47516835;83.16035354;83.87289562;89.64856902;73.83543771;39.45
