MIL max;MIL-EF-CON;MIL-CVCF-CON;MIL-IPF-CON;MIL-EF-MAX;MIL-CVCF-MAX;MIL-IPF-MAX
Musk1;72.83625731;74.79532164;76.08187135;75.67251462;70.41666667;70.05847953
Musk2;69.56265664;70.4887218;73.59398496;69.49122807;63.76347118;61.39191729
Muta1;66.50071124;65.9601707;65.44807966;67.02702703;68.70910384;66.63584637
Muta2;81.30952381;69.28571429;69.28571429;81.30952381;56.83035714;69.28571429
Tiger;76.5;74.5;73;71.5;68.0625;68.5
Fox;65;67;62;62;58375;56.1875
Elephant;79.5;80.5;78.5;74.5;72875;66.9375
BRCR;86.31472173;85.60397929;86.4684835;85.48581776;77.54132573;39.55
WIWR;95.97979798;96.16161616;96.34680135;95.52693603;85.94949495;39.55
