;CVCF;Original;MIL max;MIL min;MIL Extreme;BOW;CKNN;DIVERSE DENSITY;EM-DD;MILBOOST
0;MIL max;61.87134502923976;61.87134502923976;61.87134502923976;61.87134502923976;61.87134502923976;61.87134502923976;61.87134502923976;61.87134502923976;61.87134502923976
1;MIL min;66.3157894736842;66.3157894736842;66.3157894736842;66.3157894736842;66.3157894736842;66.3157894736842;66.3157894736842;66.3157894736842;66.3157894736842
2;MIL Extreme;67.36842105263159;67.36842105263159;67.36842105263159;67.36842105263159;67.36842105263159;67.36842105263159;67.36842105263159;67.36842105263159;67.36842105263159
3;BOW;61.05263157894736;69.70760233918129;66.4327485380117;58.654970760233915;57.54385964912281;63.09941520467837;62.982456140350884;65.43859649122807;56.49122807017543
4;CKNN;67.48538011695906;67.48538011695906;67.48538011695906;67.48538011695906;67.48538011695906;67.48538011695906;67.48538011695906;67.48538011695906;67.48538011695906
5;DIVERSE DENSITY;59.76608187134504;56.60818713450292;58.71345029239766;57.54385964912281;51.228070175438596;52.39766081871345;58.71345029239766;51.28654970760233;48.94736842105264
6;EM-DD;70.46783625730993;71.69590643274853;69.35672514619883;71.69590643274853;69.47368421052632;69.47368421052632;68.30409356725144;66.14035087719299;71.75438596491229
7;MILBOOST;50.94182825484764;50.94182825484764;50.94182825484764;50.94182825484764;50.94182825484764;50.94182825484764;50.94182825484764;50.94182825484764;50.94182825484764
