;CVCF;Original;MIL max;MIL min;MIL Extreme;BOW;CKNN;DIVERSE DENSITY;EM-DD;MILBOOST
0;MIL max;93.42424242424242;93.42424242424242;93.42424242424242;93.42424242424242;93.42424242424242;93.42424242424242;93.42424242424242;93.42424242424242;93.42424242424242
1;MIL min;84.47811447811446;84.47811447811446;84.47811447811446;84.47811447811446;84.47811447811446;84.47811447811446;84.47811447811446;84.47811447811446;84.47811447811446
2;MIL Extreme;94.53198653198653;94.53198653198653;94.53198653198653;94.53198653198653;94.53198653198653;94.53198653198653;94.53198653198653;94.53198653198653;94.53198653198653
3;BOW;85.02693602693601;83.56902356902357;84.12121212121212;83.75757575757575;84.85185185185185;84.29966329966331;84.66666666666667;84.47811447811446;84.48148148148148
4;CKNN;68.63636363636364;68.63636363636364;68.63636363636364;68.63636363636364;68.63636363636364;68.63636363636364;68.63636363636364;68.63636363636364;68.63636363636364
5;DIVERSE DENSITY;53.23905723905724;32.18181818181819;50.18181818181818;82.85185185185185;51.81818181818183;32.0;32.11111111111111;32.0;0.0
6;EM-DD;80.11111111111111;80.11111111111111;80.11111111111111;80.11111111111111;79.74747474747474;80.11111111111111;80.11111111111111;80.11111111111111;80.11111111111111
7;MILBOOST;20.43842124953236;20.43842124953236;20.43842124953236;20.43842124953236;20.43842124953236;20.43842124953236;20.43842124953236;20.43842124953236;20.43842124953236
