CKNN;MIL-EF-CON;MIL-CVCF-CON;MIL-IPF-CON;MIL-EF-MAX;MIL-CVCF-MAX;MIL-IPF-MAX
Musk 1;69.37426901;81.52046784;76.08187135;71.04093567;79.64181287;75.26315789
Musk 2;71.55789474;68.73182957;72.64661654;68.9962406;66.53414787;67.34085213
Muta 1;67.41251778;74.19274538;71.45803698;68.94167852;68.9544808;69.02560455
Muta 2;80.61507937;63.76984127;64.56349206;83.08730159;82.56944444;75
Tiger;70;65.5;64.5;67.5;65.5;64.5
Fox;55.35;65.5;56;54.5;54.625;57
Elephant;68.45;73;73;69.55;70.25;66.5
BRCR;78.95362352;70.09736342;72.45772378;79.09361104;69.66676998;39.25
WIWR;88.52289562;78.85521886;82.65656566;85.82188552;76.89183502;39.25
