;CVCF;Original;MIL max;MIL min;MIL Extreme;BOW;CKNN;DIVERSE DENSITY;EM-DD;MILBOOST
0;MIL max;71.0;69.5;64.5;68.5;68.5;66.5;53.0;66.0;51.0
1;MIL min;73.0;72.5;62.5;73.0;70.0;69.0;53.5;55.0;52.0
2;MIL Extreme;71.5;72.0;64.0;72.0;68.5;70.5;50.5;65.0;52.0
3;BOW;64.0;67.0;62.5;69.0;61.0;74.5;55.5;62.5;51.5
4;CKNN;66.5;73.0;75.5;73.0;73.5;69.5;61.5;70.5;57.0
5;DIVERSE DENSITY;48.5;52.5;54.0;51.5;53.0;52.5;49.0;52.5;52.0
6;EM-DD;59.5;63.0;63.5;64.5;59.5;60.5;54.0;60.0;50.5
7;MILBOOST;52.375000000000014;50.0;50.0;50.0;50.0;50.0;50.0;50.0;31.425000000000004
