;CVCF;Original;MIL max;MIL min;MIL Extreme;BOW;CKNN;DIVERSE DENSITY;EM-DD;MILBOOST
0;MIL max;79.0;78.0;57.0;76.5;77.0;76.5;72.0;72.0;51.5
1;MIL min;72.0;69.0;56.5;67.5;66.0;64.5;54.0;57.5;51.5
2;MIL Extreme;82.5;79.5;56.5;79.5;80.5;82.0;71.5;73.0;52.0
3;BOW;74.0;69.5;51.5;71.5;67.5;75.5;60.5;62.5;50.0
4;CKNN;74.0;74.0;70.0;77.0;76.5;74.0;74.5;74.0;55.5
5;DIVERSE DENSITY;59.0;66.5;58.5;71.5;70.0;68.0;61.0;62.0;51.5
6;EM-DD;74.0;72.5;57.0;72.5;71.5;74.5;70.0;68.5;51.5
7;MILBOOST;51.90000000000001;50.0;50.0;50.0;50.0;50.0;50.0;50.0;41.900000000000006
