MIL max;MIL-EF-CON;MIL-CVCF-CON;MIL-IPF-CON;MIL-EF-MAX;MIL-CVCF-MAX;MIL-IPF-MAX
Musk 1;72.54385965;58.65497076;71.8128655;65.58479532;65.46052632;61.98830409
Musk 2;71.16541353;68.73684211;61.66917293;64.90100251;58.35996241;58.02130326
Muta 1;64.36699858;67.01280228;67.55334282;68.36415363;70.73435277;65.41963016
Muta 2;78.80952381;66.42857143;60.3968254;77.32142857;54.13194444;69.28571429
Tiger;66.75;66;66.5;66;61.375;67
Fox;53;60;53;58;53.8125;52.3125
Elephant;68;70;69;65;64.5;70.5
BRCR;81.93264657;81.57735049;49.45;79.74502025;75.67976129;39.05
WIWR;90.79292929;95.07070707;49.45;88.59259259;81.09511785;39.05
