;EF;Original;Filtro_1;Filtro_2
0;MIL max;72.0;66.5;69.5
1;MIL min;65.5;62.5;63.5
2;MIL Extreme;68.16666666666667;64.66666666666667;66.0
3;BOW;67.5;65.0;64.875
4;CKNN;67.4;66.2;66.0
5;DIVERSE DENSITY;66.41666666666667;65.41666666666667;65.33333333333333
6;EM-DD;66.35714285714286;65.28571428571429;65.57142857142857
7;MILBOOST;64.3125;63.375;63.625
