;EF;Original;Filtro_1;Filtro_2
0;MIL max;69.28571428571429;78.80952380952382;78.80952380952382
1;MIL min;68.17460317460316;78.80952380952381;78.80952380952381
2;MIL Extreme;68.54497354497353;78.80952380952382;78.80952380952382
3;BOW;67.61904761904762;78.80952380952382;78.80952380952382
4;CKNN;69.35714285714285;78.80952380952381;78.30952380952381
5;DIVERSE DENSITY;69.3452380952381;78.80952380952382;78.39285714285715
6;EM-DD;69.33673469387755;78.80952380952381;78.45238095238096
7;MILBOOST;65.09601757369614;75.24663800705467;73.69957010582011
