;EF;Original;Filtro_1;Filtro_2
0;MIL max;68.88888888888889;74.15204678362572;70.93567251461988
1;MIL min;69.73684210526315;72.39766081871346;68.07017543859648
2;MIL Extreme;71.50097465886938;73.29434697855751;70.74074074074073
3;BOW;68.59649122807016;70.2046783625731;68.5233918128655
4;CKNN;69.23976608187132;70.31578947368422;69.39181286549707
5;DIVERSE DENSITY;68.74269005847951;68.0214424951267;67.5925925925926
6;EM-DD;69.49874686716792;68.23725981620719;68.36257309941521
7;MILBOOST;67.17913204062788;66.07533087103724;66.18497999384427
