;EF;Original;Filtro_1;Filtro_2
0;MIL max;58.0;52.0;54.0
1;MIL min;54.0;51.25;52.75
2;MIL Extreme;55.333333333333336;51.333333333333336;53.333333333333336
3;BOW;55.25;50.75;53.125
4;CKNN;56.1;52.3;54.0
5;DIVERSE DENSITY;55.333333333333336;51.75;53.166666666666664
6;EM-DD;55.57142857142857;52.07142857142857;53.642857142857146
7;MILBOOST;54.875;51.8125;53.1875
