MIL Extreme;MIL-EF-CON;MIL-CVCF-CON;MIL-IPF-CON;MIL-EF-MAX;MIL-CVCF-MAX;MIL-IPF-MAX
Musk 1;75.18518519;89.12280702;77.19298246;67.72904483;73.39912281;63.25292398
Musk 2;68.48120301;71.38847118;74.59899749;66.05513784;67.02788221;72.53634085
Muta 1;67.02228544;68.10810811;68.12233286;67.29018492;69.37055477;68.6059744
Muta 2;82.42063492;69.28571429;69.28571429;78.25396825;57.42063492;62.61904762
Tiger;69;73;68.5;61.75;63.4375;72.0625
Fox;56.25;58.5;59;54.33333333;54.125;59
Elephant;65.83333333;74.5;73;64.08333333;63.0625;77.75
BRCR;80.89687853;85.04702868;49.55;82.17237087;74.64359376;39.15
WIWR;90.54096521;95.07744108;49.55;86.46184063;81.45664983;39.15
