;EF;Original;Filtro_1;Filtro_2
0;MIL max;67.5;64.0;66.0
1;MIL min;61.75;60.0;59.75
2;MIL Extreme;62.5;61.0;60.5
3;BOW;62.25;59.5;60.0
4;CKNN;62.4;59.6;60.5
5;DIVERSE DENSITY;60.75;58.166666666666664;59.833333333333336
6;EM-DD;60.785714285714285;58.714285714285715;59.714285714285715
7;MILBOOST;59.4375;57.625;58.5
