;EF;Original;Filtro_1;Filtro_2
0;MIL max;69.28571428571429;81.30952380952382;81.30952380952382
1;MIL min;69.28571428571428;81.30952380952381;81.30952380952381
2;MIL Extreme;69.28571428571426;81.30952380952382;81.30952380952382
3;BOW;70.95238095238093;81.30952380952382;81.30952380952382
4;CKNN;71.45238095238095;81.75396825396825;82.32539682539682
5;DIVERSE DENSITY;71.09126984126985;81.67989417989419;82.15608465608466
6;EM-DD;71.15079365079366;81.62698412698413;82.03514739229026
7;MILBOOST;66.68331916099773;78.82212144116906;75.06950349584278
