;EF;Original;Filtro_1;Filtro_2
0;MIL max;79.0;78.5;80.5
1;MIL min;74.5;73.25;73.75
2;MIL Extreme;77.66666666666667;76.0;77.16666666666667
3;BOW;76.625;75.875;76.0
4;CKNN;76.7;75.8;76.1
5;DIVERSE DENSITY;74.66666666666667;73.83333333333333;74.91666666666667
6;EM-DD;74.92857142857143;74.35714285714286;75.28571428571429
7;MILBOOST;71.8125;71.3125;72.125
