;EF;Original;Filtro_1;Filtro_2
0;MIL max;75.0;75.0;78.0
1;MIL min;76.0;76.0;77.75
2;MIL Extreme;76.83333333333333;76.33333333333333;77.5
3;BOW;75.25;75.375;76.75
4;CKNN;74.3;74.8;75.9
5;DIVERSE DENSITY;72.83333333333333;71.5;71.58333333333333
6;EM-DD;71.21428571428571;70.57142857142857;70.35714285714286
7;MILBOOST;68.5625;68.0;67.8125
