CKNN;MIL-EF-CON;MIL-CVCF-CON;MIL-IPF-CON;MIL-EF-MAX;MIL-CVCF-MAX;MIL-IPF-MAX
Musk 1;70.61988304;80.40935673;83.4502924;73.22807018;78.31140351;76.29385965
Musk 2;73.91904762;78.55639098;83.46115288;71.37593985;69.91697995;77.59899749
Muta 1;68.09388336;73.66642959;71.93100996;67.75106686;74.42389758;68.29125178
Muta 2;81.06746032;63.37301587;75.03968254;84.07142857;85;77.5
Tiger;67.55;68.5;70;69.05;69.1875;71.5
Fox;58.65;59.5;65.5;54.3;57.9375;61.5
Elephant;73.5;72.5;71;69.1;71.9375;65.5
BRCR;81.21729219;71.70391242;70.98977376;82.47549835;69.7226217;39.35
WIWR;88.39259259;78.83164983;82.65656566;86.33367003;77.46969697;39.35
