BOW;MIL-EF-CON;MIL-CVCF-CON;MIL-IPF-CON;MIL-EF-MAX;MIL-CVCF-MAX;MIL-IPF-MAX
Musk 1;68.38450292;63.52339181;61.24269006;69.38596491;57.99707602;65.00730994
Musk 2;72.5764411;63.60839599;62.64223058;68.83552632;55.22055138;66.15006266
Muta 1;66.83854908;67.75426743;67.96230441;68.62019915;72.75248933;68.24857752
Muta 2;81.30952381;74.12698413;80.23809524;82.42063492;61.1359127;76.51785714
Tiger;70.0625;68.4375;68.1875;66.125;62.9375;69.375
Fox;54.3125;51.625;59.25;54.25;51.6875;54.6875
Elephant;68;72.0625;69;68.25;63.1875;59.625
BRCR;80.28524521;84.80561504;86.08871507;80.45815958;73.88857081;39.25
WIWR;89.3493266;83.59090909;83.87289562;86.22390572;73.6746633;39.25
