MIL min;MIL-EF-CON;MIL-CVCF-CON;MIL-IPF-CON;MIL-EF-MAX;MIL-CVCF-MAX;MIL-IPF-MAX
Musk 1;59.9122807;66.31578947;67.36842105;60.01461988;64.62719298;64.50292398
Musk 2;60.71867168;61.57894737;66.93233083;61.06015038;54.63220551;66.53634085
Muta 1;68.23613087;59.47368421;69.72972973;60.98506401;70.36273115;69.67283073
Muta 2;65.11904762;61.07142857;56.9047619;80.1984127;58.79464286;69.28571429
Tiger;56.875;56;66.5;59.5;51.5625;60
Fox;53;50.5;49.5;51.25;50.875;53.5
Elephant;59.875;52;51.5;59.125;53.75;53.1875
BRCR;72.72505992;75.17853466;49.35;68.94549512;69.30712155;38.95
WIWR;85.72895623;84.47811448;49.35;84.84680135;77.15151515;38.95
