;CVCF;Original;MIL max;MIL min;MIL Extreme;BOW;CKNN;DIVERSE DENSITY;EM-DD;MILBOOST
0;MIL max;75.14619883040936;70.76023391812865;64.26900584795321;68.59649122807016;68.71345029239765;69.82456140350878;63.27485380116959;65.38011695906434;55.380116959064324
1;MIL min;65.26315789473684;64.32748538011695;66.3157894736842;66.37426900584794;64.15204678362572;68.53801169590643;70.93567251461988;67.48538011695906;53.21637426900585
2;MIL Extreme;83.74269005847952;81.57894736842107;73.91812865497074;80.46783625730994;70.58479532163742;79.41520467836258;69.64912280701753;77.30994152046783;54.26900584795321
3;BOW;52.39766081871345;61.05263157894738;55.49707602339181;61.16959064327485;55.73099415204679;54.44444444444444;53.27485380116959;51.05263157894736;53.21637426900585
4;CKNN;72.80701754385964;80.58479532163742;69.47368421052632;81.57894736842105;68.42105263157896;69.53216374269006;71.6374269005848;84.85380116959064;53.274853801169584
5;DIVERSE DENSITY;62.28070175438595;58.771929824561404;68.53801169590642;65.26315789473685;63.21637426900585;59.88304093567251;64.32748538011695;75.02923976608187;53.1578947368421
6;EM-DD;77.19298245614036;72.86549707602339;69.64912280701753;75.02923976608187;65.3216374269006;78.42105263157895;64.15204678362572;70.58479532163742;54.26900584795321
7;MILBOOST;53.90479121781061;50.94182825484764;50.94182825484764;50.94182825484764;50.94182825484764;50.94182825484764;40.94182825484764;51.9294825758353;21.97530864197531
