;EF;Original;Filtro_1;Filtro_2
0;MIL max;71.92982456140352;75.14619883040936;69.64912280701753
1;MIL min;78.42105263157896;76.2280701754386;76.75438596491229
2;MIL Extreme;81.98830409356725;78.38206627680312;79.49317738791423
3;BOW;77.57309941520467;74.60526315789474;74.04970760233918
4;CKNN;79.23976608187134;76.42105263157895;76.19883040935672
5;DIVERSE DENSITY;78.17738791423001;75.45808966861597;75.32163742690058
6;EM-DD;79.12280701754386;76.64160401002506;76.36591478696742
7;MILBOOST;75.60018467220684;73.42913204062788;73.18790397045244
