;EF;Original;Filtro_1;Filtro_2
0;MIL max;86.49505218312558;84.67347414136405;85.75946922735913
1;MIL min;85.3064716092239;83.84441989946576;84.66346580108048
2;MIL Extreme;85.7649392511778;84.85358419303374;85.21503655448609
3;BOW;85.99375605797624;85.26353417637822;85.39824478356589
4;CKNN;83.53844419899465;82.88186702131658;83.13476846320881
5;DIVERSE DENSITY;80.5654061066905;80.35213779250479;80.56095795545336
6;EM-DD;80.58199293061678;80.73639873639874;80.57580587855817
7;MILBOOST;75.03477934362213;75.16988442368134;75.02936567307084
