;EF;Original;Filtro_1;Filtro_2
0;MIL max;63.0;55.5;57.5
1;MIL min;57.75;53.75;54.25
2;MIL Extreme;58.166666666666664;54.0;56.333333333333336
3;BOW;56.5;54.5;55.875
4;CKNN;57.6;54.4;56.2
5;DIVERSE DENSITY;56.833333333333336;54.833333333333336;55.916666666666664
6;EM-DD;57.357142857142854;55.42857142857143;56.42857142857143
7;MILBOOST;56.4375;54.75;55.625
