;EF;Original;Filtro_1;Filtro_2
0;MIL max;69.28571428571429;81.30952380952382;81.30952380952382
1;MIL min;69.28571428571428;81.30952380952381;81.30952380952381
2;MIL Extreme;69.28571428571426;81.30952380952382;81.30952380952382
3;BOW;71.66666666666667;81.30952380952382;81.30952380952382
4;CKNN;71.74603174603175;81.30952380952381;81.75396825396825
5;DIVERSE DENSITY;71.33597883597885;81.30952380952382;81.67989417989419
6;EM-DD;71.04308390022675;81.30952380952381;81.94444444444443
7;MILBOOST;66.5890731292517;78.54434366339129;74.9901384164777
