;EF;Original;Filtro_1;Filtro_2
0;MIL max;70.5;67.0;68.5
1;MIL min;72.5;69.75;69.5
2;MIL Extreme;72.0;69.33333333333333;69.0
3;BOW;70.875;68.75;68.0
4;CKNN;71.0;69.7;69.3
5;DIVERSE DENSITY;67.75;66.91666666666667;66.08333333333333
6;EM-DD;66.35714285714286;66.42857142857143;65.64285714285714
7;MILBOOST;64.3125;64.375;63.6875
