;CVCF;Original;MIL max;MIL min;MIL Extreme;BOW;CKNN;DIVERSE DENSITY;EM-DD;MILBOOST
0;MIL max;70.54135338345864;68.53634085213032;67.47869674185463;70.44110275689222;66.67919799498745;69.48872180451126;65.73182957393483;67.48370927318295;34.26817042606516
1;MIL min;75.29824561403508;73.44110275689222;73.39348370927317;75.29824561403508;65.72681704260651;72.44110275689222;64.62656641604009;76.50375939849623;39.225563909774436
2;MIL Extreme;79.30827067669172;77.20300751879698;78.35588972431077;77.3032581453634;74.3984962406015;80.16040100250628;65.63157894736841;73.29824561403508;36.27318295739348
3;BOW;67.63157894736841;66.67418546365914;70.39348370927317;64.86967418546365;63.578947368421055;65.67919799498746;64.77944862155388;59.62155388471179;40.27318295739348
4;CKNN;80.3609022556391;77.35087719298245;72.44110275689222;77.40350877192982;74.48872180451127;79.3032581453634;65.73182957393483;70.38345864661655;52.84461152882206
5;DIVERSE DENSITY;61.573934837092736;58.817042606516296;61.774436090225564;60.721804511278194;62.72681704260651;60.82205513784461;64.73182957393483;62.874686716791985;37.27318295739348
6;EM-DD;78.25563909774436;76.25563909774436;75.3032581453634;77.25563909774436;71.4937343358396;76.3984962406015;63.72681704260651;69.44110275689222;38.27318295739348
7;MILBOOST;37.62116632433214;39.38284432886728;39.38284432886728;39.38284432886728;39.38284432886728;39.38284432886728;37.62116632433214;37.62116632433214;0.0
