;EF;Original;Filtro_1;Filtro_2
0;MIL max;72.5;64.5;70.5
1;MIL min;67.25;60.75;62.75
2;MIL Extreme;70.16666666666667;63.166666666666664;65.0
3;BOW;70.625;64.125;66.375
4;CKNN;70.6;65.3;67.8
5;DIVERSE DENSITY;69.33333333333333;66.0;67.08333333333333
6;EM-DD;69.5;66.85714285714286;67.42857142857143
7;MILBOOST;67.0625;64.75;65.25
