;EF;Original;Filtro_1;Filtro_2
0;MIL max;59.468671679197996;63.573934837092736;59.62155388471179
1;MIL min;65.9812030075188;66.55513784461152;64.00250626566415
2;MIL Extreme;67.86800334168755;67.26482873851295;64.84544695071011
3;BOW;66.35526315789473;65.93984962406014;62.32268170426066
4;CKNN;67.79348370927319;65.73734335839599;62.77393483709273
5;DIVERSE DENSITY;64.5513784461153;64.37510442773602;62.76608187134503
6;EM-DD;64.14715359828142;64.82599355531686;62.87468671679197
7;MILBOOST;61.051614939604654;61.645599902010666;59.9382064183014
