;EF;Original;Filtro_1;Filtro_2
0;MIL max;67.48538011695906;64.21052631578948;66.54970760233918
1;MIL min;69.70760233918129;65.90643274853802;68.09941520467837
2;MIL Extreme;71.87134502923978;66.10136452241716;69.35672514619883
3;BOW;68.61111111111111;63.21637426900585;65.62865497076025
4;CKNN;70.54970760233918;65.40350877192982;67.73099415204678
5;DIVERSE DENSITY;69.1325536062378;64.28849902534112;66.80311890838206
6;EM-DD;70.62656641604009;65.99832915622389;68.90559732664995
7;MILBOOST;68.16597414589104;64.11626654355186;66.66012619267467
