;EF;Original;Filtro_1;Filtro_2
0;MIL max;64.28571428571428;73.80952380952382;81.03174603174604
1;MIL min;63.45238095238095;76.30952380952381;81.03174603174604
2;MIL Extreme;62.24867724867725;75.4761904761905;81.03174603174604
3;BOW;66.38888888888889;76.30952380952382;81.65674603174604
4;CKNN;69.5;76.30952380952381;82.54761904761905
5;DIVERSE DENSITY;69.46428571428572;76.7261904761905;82.29497354497354
6;EM-DD;69.7562358276644;77.02380952380953;82.43197278911565
7;MILBOOST;65.46308106575964;73.38809366339129;76.66961923658353
