;EF;Original;Filtro_1;Filtro_2
0;MIL max;83.01208965429149;82.66003952242485;83.74436655170601
1;MIL min;82.19885189609961;81.47649317374088;80.8317892538076
2;MIL Extreme;83.02258388496922;82.11508088572309;82.22966085351406
3;BOW;83.25221468340735;82.70920211287185;82.60916379265004
4;CKNN;80.10711328509493;80.98850243070427;80.79772483075236
5;DIVERSE DENSITY;77.49161338152162;78.10489722416328;78.49609659701403
6;EM-DD;76.52969065813103;78.57498795113474;78.8068778894467
7;MILBOOST;71.4890148551971;73.27864998657535;73.4815536825983
