;IPF;Original;MIL max;MIL min;MIL Extreme;BOW;CKNN;DIVERSE DENSITY;EM-DD;MILBOOST
0;MIL max;61.98830409356724;61.98830409356724;61.98830409356724;61.98830409356724;61.98830409356724;61.98830409356724;61.98830409356724;61.98830409356724;61.98830409356724
1;MIL min;64.26900584795322;64.26900584795322;64.26900584795322;64.26900584795322;64.26900584795322;64.26900584795322;64.26900584795322;64.26900584795322;64.26900584795322
2;MIL Extreme;69.5906432748538;69.5906432748538;69.5906432748538;69.5906432748538;69.5906432748538;69.5906432748538;69.5906432748538;69.5906432748538;69.5906432748538
3;BOW;58.71345029239766;55.438596491228054;56.43274853801169;59.76608187134502;50.116959064327474;53.27485380116959;51.05263157894736;43.50877192982456;54.444444444444436
4;CKNN;68.47953216374269;68.47953216374269;68.47953216374269;68.47953216374269;68.47953216374269;68.47953216374269;68.47953216374269;68.47953216374269;68.47953216374269
5;DIVERSE DENSITY;65.49707602339181;60.0;55.6140350877193;56.432748538011694;65.43859649122807;67.48538011695908;64.26900584795321;67.42690058479532;64.3859649122807
6;EM-DD;70.87719298245614;72.98245614035088;67.60233918128655;73.85964912280703;72.92397660818713;71.81286549707603;71.9298245614035;68.83040935672514;76.19883040935673
7;MILBOOST;50.94182825484764;50.94182825484764;50.94182825484764;50.94182825484764;50.94182825484764;50.94182825484764;50.94182825484764;50.94182825484764;50.94182825484764
