;IPF;Original;MIL max;MIL min;MIL Extreme;BOW;CKNN;DIVERSE DENSITY;EM-DD;MILBOOST
0;MIL max;65.0;52.0;51.5;51.5;53.5;56.0;56.0;48.0;50.0
1;MIL min;54.0;50.0;51.0;51.5;53.5;52.0;54.0;48.5;50.5
2;MIL Extreme;58.0;51.0;50.0;51.5;52.5;52.5;57.5;55.0;53.0
3;BOW;61.0;51.0;51.0;50.5;54.5;53.0;55.5;48.5;51.0
4;CKNN;53.0;49.5;50.5;48.0;54.5;54.0;51.5;51.0;54.5
5;DIVERSE DENSITY;56.5;53.5;50.5;52.5;52.5;54.0;55.000000000000014;55.5;55.499999999999986
6;EM-DD;59.5;55.0;51.5;53.0;54.5;61.0;54.500000000000014;54.5;56.0
7;MILBOOST;53.325;50.0;40.0;50.0;50.475;50.475;50.95;50.95;41.9
