;IPF;Original;MIL max;MIL min;MIL Extreme;BOW;CKNN;DIVERSE DENSITY;EM-DD;MILBOOST
0;MIL max;69.48872180451127;62.827067669172926;55.15538847117794;64.77944862155388;62.92731829573934;64.63157894736841;66.6842105263158;48.03508771929824;39.130325814536334
1;MIL min;69.98496240601504;65.12781954887217;66.02756892230576;65.97994987468671;66.02756892230578;68.08020050125313;66.6842105263158;56.12280701754387;36.32080200501253
2;MIL Extreme;70.38847117794487;58.9172932330827;65.6842105263158;65.77944862155388;60.827067669172926;64.77443609022556;61.92230576441102;48.802005012531325;39.177944862155385
3;BOW;67.69423558897242;62.67919799498746;53.96491228070175;58.9172932330827;58.02756892230576;54.769423558897245;63.636591478696744;53.55889724310778;38.468671679197996
4;CKNN;64.57894736842105;64.67418546365914;61.06516290726817;66.77944862155388;69.63659147869674;67.78446115288219;63.827067669172926;61.017543859649116;48.150375939849624
5;DIVERSE DENSITY;66.58395989974936;57.012531328320804;61.774436090225564;58.9172932330827;63.67919799498746;65.58395989974937;68.58897243107769;61.11779448621553;34.26817042606516
6;EM-DD;69.79448621553884;65.83208020050125;59.96491228070175;62.16541353383459;65.98496240601504;65.98496240601503;66.6842105263158;49.93984962406015;38.278195488721806
7;MILBOOST;34.055982060414195;38.521166324332135;37.62116632433214;36.75948831979698;36.75948831979698;36.75948831979698;25.932626051343895;16.883219954648528;19.810177071752058
