;CVCF;Original;MIL max;MIL min;MIL Extreme;BOW;CKNN;DIVERSE DENSITY;EM-DD;MILBOOST
0;MIL max;84.68830632133385;85.60073334385261;80.1622673549279;84.86515038808618;84.69977233279985;83.77912524701517;78.14061267272277;72.7897572301242;35.40067173094696
1;MIL min;77.20346535025433;78.64815273989586;73.7536235150914;79.01512521696009;79.39535198250795;75.75871785046097;64.05217561180864;67.16646755178866;35.585826026193
2;MIL Extreme;84.12780921037802;83.041784069307;77.7372735537873;85.04196439976258;84.85850821630638;81.75079833795431;66.42081614558678;64.96463268940333;35.21885354912878
3;BOW;82.30629127876834;82.67159569911864;76.29097821758373;83.030318057841;74.62313188918695;81.37060162748236;72.98349224954731;66.60093621561512;36.313128808541656
4;CKNN;66.42915642915644;71.1617338773302;73.00151026756531;72.43449120513341;72.07252289821096;69.52679785707309;67.33827739332327;68.06891628909977;39.59765269857013
5;DIVERSE DENSITY;36.71609223902802;39.26169705986219;51.208138914560934;63.86868937327654;65.15142498628737;41.99555184876286;51.753623515091405;49.76181352328142;35.76931226472511
6;EM-DD;66.23911818407232;77.20346535025435;78.85156549376734;77.02992734185395;75.19667290309492;66.9648130198589;65.69360352846591;68.39466822953061;35.94618638655335
7;MILBOOST;35.84565231940631;36.204284234659575;36.204284234659575;36.204284234659575;36.204284234659575;36.204284234659575;36.204284234659575;35.66871862895912;7.257527798068338
