;CVCF;Original;MIL max;MIL min;MIL Extreme;BOW;CKNN;DIVERSE DENSITY;EM-DD;MILBOOST
0;MIL max;74.02560455192034;66.52916073968706;68.64864864864865;68.15078236130867;70.79658605974396;70.28449502133712;72.38975817923186;73.47083926031294;75.60455192034141
1;MIL min;72.38975817923186;68.09388335704125;69.17496443812232;68.62019914651492;69.16073968705547;71.26600284495021;69.70128022759602;71.83499288762445;71.83499288762445
2;MIL Extreme;76.0597439544808;68.09388335704125;70.21337126600284;69.70128022759602;69.70128022759602;70.21337126600285;70.7823613086771;73.44238975817923;74.50924608819346
3;BOW;77.58179231863441;68.62019914651492;70.19914651493599;72.31863442389758;73.89758179231863;77.65291607396871;75.47652916073967;77.06970128022759;78.6628733997155
4;CKNN;67.61024182076815;70.72546230440967;69.71550497866286;70.75391180654339;72.88762446657184;65.02133712660029;75.57610241820768;74.48079658605974;76.07396870554766
5;DIVERSE DENSITY;78.73399715504979;67.5533428165007;68.62019914651492;69.68705547652915;69.6728307254623;72.31863442389758;70.19914651493599;72.31863442389758;73.9118065433855
6;EM-DD;76.03129445234708;68.6344238975818;69.14651493598862;70.19914651493598;70.72546230440966;70.72546230440966;71.77809388335704;74.43812233285918;76.03129445234708
7;MILBOOST;74.68627645388895;67.13080903018763;68.14074612158014;69.13797603847765;69.13797603847765;69.13797603847765;70.14791312987015;72.66640227110392;61.19597174474768
