;CVCF;Original;MIL max;MIL min;MIL Extreme;BOW;CKNN;DIVERSE DENSITY;EM-DD;MILBOOST
0;MIL max;92.6984126984127;74.64285714285714;86.66666666666667;51.11111111111111;35.55555555555556;95.55555555555556;35.55555555555556;35.55555555555556;18.412698412698415
1;MIL min;92.6984126984127;78.45238095238096;90.47619047619047;77.14285714285714;77.14285714285714;97.14285714285714;20.0;0.0;7.301587301587301
2;MIL Extreme;95.27777777777779;81.30952380952382;93.33333333333333;60.0;40.0;100.0;0.0;0.0;4.722222222222222
3;BOW;70.87301587301587;74.28571428571429;78.17460317460318;80.67460317460318;72.10317460317461;85.75396825396825;55.47619047619048;63.05555555555556;11.666666666666666
4;CKNN;80.75396825396825;78.45238095238096;85.11904761904762;97.14285714285714;89.28571428571429;89.56349206349208;100.0;100.0;12.579365079365079
5;DIVERSE DENSITY;100.0;81.30952380952382;91.11111111111111;57.777777777777786;57.777777777777786;97.77777777777779;20.0;20.0;0.0
6;EM-DD;85.1984126984127;66.30952380952382;80.83333333333333;75.0;85.0;92.77777777777779;5.0;35.0;17.023809523809526
7;MILBOOST;17.521415973796927;10.054012345679013;14.215167548500881;9.62962962962963;14.986772486772486;17.20899470899471;0.0;8.536155202821869;4.8979591836734695
