;CVCF;Original;MIL max;MIL min;MIL Extreme;BOW;CKNN;DIVERSE DENSITY;EM-DD;MILBOOST
0;MIL max;64.57393483709272;65.82706766917292;60.96992481203007;63.774436090225564;50.849624060150376;65.63157894736841;58.721804511278194;60.827067669172926;40.278195488721806
1;MIL min;61.62155388471177;61.526315789473685;58.616541353383454;62.573934837092736;64.47368421052632;67.33082706766916;58.57393483709272;61.72681704260651;43.182957393483704
2;MIL Extreme;69.63157894736841;61.62155388471177;66.57894736842105;63.67418546365915;64.72681704260651;66.53132832080199;58.827067669172926;65.4360902255639;34.315789473684205
3;BOW;56.70175438596491;56.70175438596491;57.711779448621556;61.61152882205514;58.606516290726816;60.46365914786968;61.473684210526315;57.511278195488714;34.416040100250626
4;CKNN;66.4310776942356;67.38345864661655;67.53132832080199;72.2406015037594;64.52631578947368;70.38847117794487;61.62155388471177;67.6842105263158;41.18796992481202
5;DIVERSE DENSITY;67.78446115288219;62.6265664160401;62.82706766917293;58.9172932330827;59.769423558897245;60.82205513784461;63.72681704260651;71.4937343358396;36.225563909774436
6;EM-DD;58.67418546365915;56.91228070175439;54.659147869674186;56.76441102756892;55.711779448621556;60.9749373433584;63.72681704260651;51.854636591478695;37.225563909774436
7;MILBOOST;39.50131657464463;39.38284432886728;39.38284432886728;39.38284432886728;39.38284432886728;39.38284432886728;30.755511585982497;36.87796056557434;7.845804988662131
