;EF;Original;Filtro_1;Filtro_2
0;MIL max;95.62626262626263;95.8080808080808;81.92929292929293
1;MIL min;94.16329966329968;94.16329966329967;81.02020202020202
2;MIL Extreme;94.83164983164984;94.77216610549944;81.2020202020202
3;BOW;92.52188552188552;91.5185185185185;80.92929292929293
4;CKNN;89.41952861952863;90.2949494949495;81.34882154882155
5;DIVERSE DENSITY;87.35129068462403;89.47923681257016;81.1425364758698
6;EM-DD;86.31697931697931;89.91341991341992;81.41077441077441
7;MILBOOST;78.08215955854844;81.22904508043398;73.78923026561915
