;EF;Original;Filtro_1;Filtro_2
0;MIL max;71.5;62.0;69.0
1;MIL min;70.5;61.75;68.0
2;MIL Extreme;70.16666666666667;62.833333333333336;68.83333333333333
3;BOW;70.25;63.375;68.875
4;CKNN;69.3;64.9;70.1
5;DIVERSE DENSITY;66.5;62.25;66.66666666666667
6;EM-DD;65.14285714285714;62.714285714285715;66.14285714285714
7;MILBOOST;63.25;61.125;64.125
