;EF;Original;Filtro_1;Filtro_2
0;MIL max;63.84068278805122;68.62019914651492;68.62019914651492
1;MIL min;66.22332859174965;68.62019914651493;68.62019914651493
2;MIL Extreme;66.83736367946895;68.62019914651495;68.62019914651495
3;BOW;67.41820768136557;68.62019914651492;68.62019914651492
4;CKNN;67.9800853485064;68.7311522048364;69.15220483641536
5;DIVERSE DENSITY;68.62494073020389;68.7126600284495;69.06353722143196
6;EM-DD;68.32147937411095;68.69945133103029;69.00020321072952
7;MILBOOST;67.98407657489038;68.56569791323105;68.82885580796788
