;EF;Original;Filtro_1;Filtro_2
0;MIL max;75.0;69.5;69.5
1;MIL min;68.5;62.0;66.5
2;MIL Extreme;70.0;65.0;69.0
3;BOW;71.25;66.5;70.0
4;CKNN;72.4;67.6;71.5
5;DIVERSE DENSITY;71.16666666666667;66.91666666666667;70.75
6;EM-DD;71.64285714285714;68.0;71.07142857142857
7;MILBOOST;68.9375;65.75;68.4375
