;CVCF;Original;MIL max;MIL min;MIL Extreme;BOW;CKNN;DIVERSE DENSITY;EM-DD;MILBOOST
0;MIL max;65.96017069701281;65.96017069701281;65.96017069701281;65.96017069701281;65.96017069701281;65.96017069701281;65.96017069701281;65.96017069701281;65.96017069701281
1;MIL min;69.71550497866286;69.71550497866286;69.71550497866286;69.71550497866286;69.71550497866286;69.71550497866286;69.71550497866286;69.71550497866286;69.71550497866286
2;MIL Extreme;70.76813655761023;70.76813655761023;70.76813655761023;70.76813655761023;70.76813655761023;70.76813655761023;70.76813655761023;70.76813655761023;70.76813655761023
3;BOW;67.02702702702702;67.02702702702702;67.02702702702702;66.50071123755335;68.09388335704125;68.1081081081081;68.09388335704125;68.09388335704125;68.1081081081081
4;CKNN;72.91607396870555;72.36130867709815;71.82076813655762;72.91607396870555;70.79658605974396;71.3371266002845;72.94452347083926;73.99715504978663;72.91607396870555
5;DIVERSE DENSITY;67.02702702702702;71.26600284495021;71.30867709815078;69.70128022759602;73.37126600284495;73.3854907539118;71.32290184921763;68.64864864864865;71.28022759601707
6;EM-DD;66.50071123755335;66.50071123755335;53.34281650071124;52.98719772403983;66.50071123755335;53.34281650071124;66.50071123755335;66.50071123755335;66.50071123755335
7;MILBOOST;65.62225698034638;65.62225698034638;65.62225698034638;65.62225698034638;65.62225698034638;65.62225698034638;65.62225698034638;65.62225698034638;65.62225698034638
