;CVCF;Original;MIL max;MIL min;MIL Extreme;BOW;CKNN;DIVERSE DENSITY;EM-DD;MILBOOST
0;MIL max;64.21052631578948;63.09941520467836;50.87719298245614;63.040935672514614;64.15204678362572;59.76608187134504;57.60233918128655;69.35672514619883;53.274853801169584
1;MIL min;70.58479532163742;65.08771929824562;65.2046783625731;65.14619883040935;68.3625730994152;72.69005847953217;58.88888888888889;68.42105263157893;53.21637426900585
2;MIL Extreme;63.27485380116959;57.89473684210526;54.44444444444444;60.0;64.32748538011695;64.21052631578948;63.859649122807014;66.08187134502923;55.43859649122807
3;BOW;58.71345029239766;52.163742690058484;52.163742690058484;55.380116959064324;56.37426900584795;53.39181286549707;52.222222222222214;52.16374269005847;57.60233918128655
4;CKNN;68.65497076023394;65.49707602339181;68.83040935672514;74.09356725146199;63.45029239766082;68.71345029239767;67.83625730994152;81.52046783625731;64.09356725146199
5;DIVERSE DENSITY;65.26315789473684;55.32163742690059;50.0;53.1578947368421;59.82456140350878;60.935672514619874;51.05263157894737;57.48538011695907;55.43859649122807
6;EM-DD;71.57894736842105;69.41520467836257;66.37426900584796;73.91812865497076;63.1578947368421;69.41520467836256;72.98245614035088;72.63157894736841;53.21637426900585
7;MILBOOST;52.871310830682944;50.94182825484764;50.94182825484764;50.94182825484764;50.94182825484764;50.94182825484764;50.94182825484764;50.94182825484764;22.400396703259123
