;CVCF;Original;MIL max;MIL min;MIL Extreme;BOW;CKNN;DIVERSE DENSITY;EM-DD;MILBOOST
0;MIL max;80.66155730375915;81.57234632463991;74.9984446498208;81.2020076790719;81.91933217621292;81.94426286169406;64.57121174552367;67.53177197213896;35.7676742630871
1;MIL min;74.27936193073808;79.55072169751068;71.73211910826589;79.37721374418622;81.39392436640144;71.01303638918318;65.70355175859763;69.73527489123819;35.95113044654329
2;MIL Extreme;81.94917686660806;82.85499177242295;77.16367242972748;82.29464493684677;80.82675502858989;80.11759048456295;69.36830241417397;67.3449796752549;35.220521605842706
3;BOW;82.83515542231137;81.3839460811938;76.45320048989774;81.93443485186604;80.09617624296523;76.45471827123204;68.55668011631315;72.79503189594934;35.94618638655336
4;CKNN;63.68016890952671;66.04562360525664;70.60460293487816;70.61949522499982;74.80652796249126;65.50010894965024;64.2406359654066;66.61767689290625;37.595834366476566
5;DIVERSE DENSITY;15.229357798165136;40.00880613724651;53.40997377694625;38.84783866435243;65.89198205711966;39.69974979149291;51.324902884535916;68.45087122151342;35.58251996784107
6;EM-DD;66.6127027778404;70.29070772190039;73.92707135826403;75.90419944548384;74.62643794753885;64.05217561180864;64.41417397380701;67.34664773196883;35.22215960748071
7;MILBOOST;36.204284234659575;36.204284234659575;36.204284234659575;36.204284234659575;36.204284234659575;36.204284234659575;36.204284234659575;35.84723102565333;14.46567526040316
