;EF;Original;Filtro_1;Filtro_2
0;MIL max;68.1081081081081;65.41963015647227;66.50071123755335
1;MIL min;68.62019914651493;67.27596017069702;66.7638691322902
2;MIL Extreme;68.79089615931721;67.19298245614036;66.85158843053581
3;BOW;68.62375533428165;67.01991465149361;66.63229018492177
4;CKNN;69.57610241820768;67.88335704125178;67.14366998577525
5;DIVERSE DENSITY;69.86960644855382;67.65291607396871;67.03651019440494
6;EM-DD;69.69721601300547;67.48831538305222;66.95996748628328
7;MILBOOST;69.1878461339231;67.25505808271399;66.79275367304116
