;EF;Original;Filtro_1;Filtro_2
0;MIL max;64.0;54.0;60.5
1;MIL min;57.25;53.5;56.0
2;MIL Extreme;59.166666666666664;54.5;58.0
3;BOW;57.75;53.375;57.75
4;CKNN;58.0;54.5;57.9
5;DIVERSE DENSITY;56.916666666666664;54.0;56.75
6;EM-DD;56.714285714285715;54.357142857142854;56.357142857142854
7;MILBOOST;55.875;53.8125;55.5625
