;EF;Original;Filtro_1;Filtro_2
0;MIL max;83.02367588606121;81.74931061169593;83.38239824478356
1;MIL min;81.66334558077678;78.74329208274163;80.46652991607121
2;MIL Extreme;82.48155745403453;80.05000663716261;81.74375042264951
3;BOW;82.48198949575098;79.05947148148984;81.15132730729063
4;CKNN;79.45094786195703;77.55069164243476;79.11441216028373
5;DIVERSE DENSITY;77.28203933708521;75.8120055000789;76.78669161237968
6;EM-DD;76.2832776777731;76.45474832630796;76.7900534873012
7;MILBOOST;71.2734034973839;71.4234403148519;71.71683233072099
