;EF;Original;Filtro_1;Filtro_2
0;MIL max;70.5;68.5;71.5
1;MIL min;65.25;62.5;64.25
2;MIL Extreme;68.5;65.16666666666667;66.5
3;BOW;68.875;65.625;66.125
4;CKNN;69.1;66.2;66.8
5;DIVERSE DENSITY;67.75;65.58333333333333;65.83333333333333
6;EM-DD;67.85714285714286;66.07142857142857;66.0
7;MILBOOST;65.625;64.0625;64.0
