;EF;Original;Filtro_1;Filtro_2
0;MIL max;67.0;67.5;72.0
1;MIL min;68.75;67.75;69.75
2;MIL Extreme;69.16666666666667;67.83333333333333;70.16666666666667
3;BOW;68.625;67.25;69.0
4;CKNN;67.4;67.3;68.3
5;DIVERSE DENSITY;64.91666666666667;64.16666666666667;65.08333333333333
6;EM-DD;63.642857142857146;63.57142857142857;63.642857142857146
7;MILBOOST;61.9375;61.875;61.9375
