;EF;Original;Filtro_1;Filtro_2
0;MIL max;69.28571428571429;81.30952380952382;83.53174603174604
1;MIL min;70.7142857142857;81.30952380952381;83.53174603174604
2;MIL Extreme;70.23809523809521;81.30952380952382;83.53174603174604
3;BOW;70.55555555555556;81.30952380952382;83.53174603174604
4;CKNN;69.15873015873015;81.30952380952381;83.53174603174602
5;DIVERSE DENSITY;69.17989417989419;81.30952380952382;83.53174603174602
6;EM-DD;69.19501133786848;81.30952380952381;83.53174603174602
7;MILBOOST;64.9720096371882;78.43433090828924;76.16297792265054
