;CVCF;Original;MIL max;MIL min;MIL Extreme;BOW;CKNN;DIVERSE DENSITY;EM-DD;MILBOOST
0;MIL max;96.17508417508417;96.17508417508417;96.17508417508417;96.17508417508417;96.17508417508417;96.17508417508417;96.17508417508417;96.17508417508417;96.17508417508417
1;MIL min;90.88888888888889;90.88888888888889;90.88888888888889;90.88888888888889;90.88888888888889;90.88888888888889;90.88888888888889;90.88888888888889;90.88888888888889
2;MIL Extreme;95.07744107744108;95.07744107744108;95.07744107744108;95.07744107744108;95.07744107744108;95.07744107744108;95.07744107744108;95.07744107744108;95.07744107744108
3;BOW;85.21885521885523;86.49831649831648;84.4848484848485;85.75420875420875;85.21212121212122;86.4949494949495;86.31313131313132;85.21885521885523;86.67676767676767
4;CKNN;75.74074074074073;75.74074074074073;75.74074074074073;75.74074074074073;75.74074074074073;75.74074074074073;75.74074074074073;75.74074074074073;75.74074074074073
5;DIVERSE DENSITY;18.88888888888889;52.292929292929294;16.11111111111111;16.0;0.0;16.0;48.11111111111111;35.27272727272727;33.63636363636364
6;EM-DD;64.11111111111111;64.11111111111111;80.11111111111111;80.11111111111111;80.11111111111111;80.11111111111111;80.11111111111111;80.11111111111111;80.11111111111111
7;MILBOOST;20.43842124953236;20.43842124953236;20.43842124953236;20.43842124953236;20.43842124953236;20.43842124953236;20.43842124953236;20.43842124953236;20.43842124953236
