;CVCF;Original;MIL max;MIL min;MIL Extreme;BOW;CKNN;DIVERSE DENSITY;EM-DD;MILBOOST
0;MIL max;68.30409356725144;68.30409356725144;68.30409356725144;68.30409356725144;68.30409356725144;68.30409356725144;68.30409356725144;68.30409356725144;68.30409356725144
1;MIL min;74.85380116959064;74.85380116959064;74.85380116959064;74.85380116959064;74.85380116959064;74.85380116959064;74.85380116959064;74.85380116959064;74.85380116959064
2;MIL Extreme;89.12280701754386;89.12280701754386;89.12280701754386;89.12280701754386;89.12280701754386;89.12280701754386;89.12280701754386;89.12280701754386;89.12280701754386
3;BOW;58.654970760233915;60.760233918128655;51.92982456140351;58.71345029239766;62.80701754385964;57.42690058479532;60.760233918128655;59.590643274853804;61.81286549707602
4;CKNN;78.07017543859648;78.07017543859648;78.07017543859648;78.07017543859648;78.07017543859648;78.07017543859648;78.07017543859648;78.07017543859648;78.07017543859648
5;DIVERSE DENSITY;69.5906432748538;75.96491228070175;69.35672514619883;71.6374269005848;67.36842105263159;74.91228070175438;67.30994152046783;70.7017543859649;72.7485380116959
6;EM-DD;79.41520467836257;78.3625730994152;79.35672514619884;77.19298245614034;83.74269005847952;84.7953216374269;79.35672514619884;75.02923976608187;80.52631578947367
7;MILBOOST;50.94182825484764;50.94182825484764;50.94182825484764;50.94182825484764;50.94182825484764;50.94182825484764;50.94182825484764;50.94182825484764;50.94182825484764
