;CVCF;Original;MIL max;MIL min;MIL Extreme;BOW;CKNN;DIVERSE DENSITY;EM-DD;MILBOOST
0;MIL max;84.85526226810632;84.85526226810632;84.85526226810632;84.85526226810632;84.85526226810632;84.85526226810632;84.85526226810632;84.85526226810632;84.85526226810632
1;MIL min;80.84510365244311;80.84510365244311;80.84510365244311;80.84510365244311;80.84510365244311;80.84510365244311;80.84510365244311;80.84510365244311;80.84510365244311
2;MIL Extreme;85.0470286800562;85.0470286800562;85.0470286800562;85.0470286800562;85.0470286800562;85.0470286800562;85.0470286800562;85.0470286800562;85.0470286800562
3;BOW;84.50648813951565;84.49159584939402;84.67675014464005;83.21711035472504;83.76095695361751;83.04026628797271;85.04699862498028;83.94444319214963;83.58077677343734
4;CKNN;64.96630074611727;64.96630074611727;64.96630074611727;64.96630074611727;64.96630074611727;64.96630074611727;64.96630074611727;64.96630074611727;64.96630074611727
5;DIVERSE DENSITY;56.55546288573812;28.67222685571309;51.20980697127486;38.71948846260773;64.78612056593707;13.027522935779817;25.571309424520432;24.792792792792792;38.48086618728821
6;EM-DD;72.48735808368835;69.55154821209867;67.17805378355838;69.0060636115682;67.14311475779365;64.80265085769672;72.11043737649243;69.00603355649227;67.35823396373856
7;MILBOOST;36.204284234659575;36.204284234659575;36.204284234659575;36.204284234659575;36.204284234659575;36.204284234659575;36.204284234659575;36.204284234659575;36.204284234659575
