;EF;Original;Filtro_1;Filtro_2
0;MIL max;82.47822134060667;84.67168586434641;81.36398951077851
1;MIL min;81.65417126885015;81.74999436467326;77.62158405277671
2;MIL Extreme;82.41759524328332;83.02749788988322;78.8100944981679
3;BOW;82.89145233640646;82.84056909286267;78.0757500619886
4;CKNN;80.47772543185387;81.05490912096415;77.13231296350563
5;DIVERSE DENSITY;78.47102064533257;78.22112020277156;75.56391086666316
6;EM-DD;77.86888043768778;78.77967804573309;76.62816611440465
7;MILBOOST;72.66080591230926;73.45775381934891;71.57518087943652
