;EF;Original;Filtro_1;Filtro_2
0;MIL max;69.28571428571429;81.30952380952382;83.53174603174604
1;MIL min;68.17460317460316;81.30952380952381;83.53174603174604
2;MIL Extreme;68.54497354497353;81.30952380952382;83.53174603174604
3;BOW;69.77182539682539;81.30952380952382;83.53174603174604
4;CKNN;72.07936507936508;81.30952380952381;84.86507936507937
5;DIVERSE DENSITY;71.61375661375662;81.30952380952382;84.64285714285714
6;EM-DD;71.0034013605442;81.30952380952381;84.8015873015873
7;MILBOOST;66.55435090702947;81.30952380952381;77.27408903376165
