;EF;Original;Filtro_1;Filtro_2
0;MIL max;60.0;55.0;57.0
1;MIL min;56.0;53.0;54.75
2;MIL Extreme;56.333333333333336;54.666666666666664;55.5
3;BOW;55.875;54.25;54.25
4;CKNN;56.2;54.4;54.6
5;DIVERSE DENSITY;55.5;54.916666666666664;54.25
6;EM-DD;55.785714285714285;55.357142857142854;54.857142857142854
7;MILBOOST;55.0625;54.6875;54.25
