;EF;Original;Filtro_1;Filtro_2
0;MIL max;84.30807955578598;83.94274508035976;81.59054467311348
1;MIL min;81.6714905063529;80.39539706512183;79.22507494984559
2;MIL Extreme;82.18503908412166;81.6346004052426;80.19703105941637
3;BOW;82.44301933292759;81.11733877330207;79.45315165039936
4;CKNN;80.2598111038478;79.67169638362299;78.23555064655983
5;DIVERSE DENSITY;78.1640831824318;77.7599225580877;76.50972156476743
6;EM-DD;78.596893807903;77.72622831338428;76.52285098156656
7;MILBOOST;73.29781761124755;72.5359853035437;71.4830301382032
