;EF;Original;Filtro_1;Filtro_2
0;MIL max;95.61616161616162;95.43771043771045;93.43097643097643
1;MIL min;94.79629629629629;93.70707070707071;87.68518518518519
2;MIL Extreme;95.13131313131314;94.40516273849609;90.08754208754209
3;BOW;92.51515151515152;91.10521885521885;87.59343434343435
4;CKNN;89.95892255892255;89.70841750841751;87.33737373737375
5;DIVERSE DENSITY;88.25476992143656;88.65600448933785;86.9814814814815
6;EM-DD;87.0913900913901;89.33814333814334;87.27849927849927
7;MILBOOST;78.75976898615788;80.72567807706697;78.92348952487842
