;CVCF;Original;MIL max;MIL min;MIL Extreme;BOW;CKNN;DIVERSE DENSITY;EM-DD;MILBOOST
0;MIL max;96.16835016835017;96.17171717171718;96.35353535353536;96.17171717171718;91.6060606060606;95.98989898989899;94.88215488215488;96.16835016835019;20.252525252525253
1;MIL min;93.61952861952862;93.42760942760944;92.7003367003367;93.06397306397307;80.11111111111111;93.79461279461279;91.02020202020202;93.43771043771042;20.255892255892256
2;MIL Extreme;96.8989898989899;96.8989898989899;96.71717171717172;96.71717171717172;91.06397306397307;96.53198653198653;94.53535353535355;96.8989898989899;19.88888888888889
3;BOW;83.02356902356902;81.74747474747474;81.56565656565655;81.93265993265993;80.11111111111111;81.38383838383838;80.83838383838383;85.21548821548821;19.707070707070706
4;CKNN;85.03703703703704;85.21885521885523;85.04040404040404;85.40404040404042;82.85185185185186;85.76767676767676;83.2020202020202;86.49831649831648;51.602693602693606
5;DIVERSE DENSITY;0.0;0.0;32.18181818181819;16.0;80.11111111111111;34.36363636363636;32.18181818181818;32.909090909090914;19.88888888888889
6;EM-DD;89.59595959595961;93.23232323232324;94.14141414141416;93.24242424242422;85.05050505050505;93.59595959595961;89.95959595959596;93.23232323232324;19.88888888888889
7;MILBOOST;20.62017707943634;20.43842124953236;20.43842124953236;20.43842124953236;20.43842124953236;20.43842124953236;20.43842124953236;20.43842124953236;4.183813443072703
