;CVCF;Original;MIL max;MIL min;MIL Extreme;BOW;CKNN;DIVERSE DENSITY;EM-DD;MILBOOST
0;MIL max;100.0;81.30952380952382;93.33333333333333;60.0;100.0;100.0;0.0;20.0;0.0
1;MIL min;97.77777777777779;81.30952380952382;93.33333333333333;60.0;100.0;100.0;0.0;40.0;2.2222222222222223
2;MIL Extreme;97.77777777777779;81.30952380952382;93.33333333333333;60.0;100.0;100.0;0.0;20.0;2.2222222222222223
3;BOW;92.42063492063492;81.30952380952382;93.33333333333333;60.0;100.0;100.0;0.0;0.0;7.579365079365078
4;CKNN;86.38888888888889;85.75396825396825;93.33333333333333;100.0;100.0;92.77777777777779;100.0;100.0;19.88095238095238
5;DIVERSE DENSITY;95.27777777777779;81.30952380952382;93.33333333333333;60.0;100.0;100.0;0.0;20.0;4.722222222222222
6;EM-DD;94.92063492063492;81.30952380952382;93.33333333333333;60.0;100.0;100.0;0.0;20.0;5.079365079365079
7;MILBOOST;15.480599647266313;10.054012345679013;9.307760141093475;4.444444444444445;9.8015873015873;12.023809523809522;0.0;0.0;7.901234567901234
