;CVCF;Original;MIL max;MIL min;MIL Extreme;BOW;CKNN;DIVERSE DENSITY;EM-DD;MILBOOST
0;MIL max;71.30867709815078;67.58179231863441;68.1081081081081;68.1081081081081;68.1081081081081;67.05547652916074;68.1081081081081;70.24182076813655;72.36130867709815
1;MIL min;73.9118065433855;68.1081081081081;72.31863442389758;70.21337126600285;68.1081081081081;70.71123755334281;68.1081081081081;70.2275960170697;72.36130867709815
2;MIL Extreme;72.81650071123757;67.56756756756756;71.25177809388336;69.11806543385492;67.56756756756756;70.17069701280228;68.09388335704125;70.75391180654339;71.80654338549076
3;BOW;72.88762446657184;67.04125177809388;67.04125177809388;67.04125177809388;67.04125177809388;69.14651493598862;67.04125177809388;69.70128022759602;71.82076813655762
4;CKNN;70.79658605974396;67.62446657183499;72.40398293029872;70.27027027027027;68.13655761024181;74.53769559032717;68.67709815078236;71.32290184921763;70.2275960170697
5;DIVERSE DENSITY;75.56187766714082;67.56756756756756;67.56756756756756;68.09388335704125;68.09388335704125;68.09388335704125;68.09388335704125;70.75391180654339;58.81934566145092
6;EM-DD;71.30867709815078;67.56756756756756;67.56756756756756;67.56756756756756;67.56756756756756;68.1081081081081;54.58036984352774;70.2275960170697;71.30867709815078
7;MILBOOST;71.66917235420642;67.14351620468263;67.14351620468263;67.64213116313138;67.64213116313138;67.64213116313138;67.64213116313138;70.16062030436515;43.33401455659448
