;CVCF;Original;MIL max;MIL min;MIL Extreme;BOW;CKNN;DIVERSE DENSITY;EM-DD;MILBOOST
0;MIL max;69.28571428571429;69.28571428571429;69.28571428571429;69.28571428571429;69.28571428571429;69.28571428571429;69.28571428571429;69.28571428571429;69.28571428571429
1;MIL min;69.28571428571429;69.28571428571429;69.28571428571429;69.28571428571429;69.28571428571429;69.28571428571429;69.28571428571429;69.28571428571429;69.28571428571429
2;MIL Extreme;69.28571428571429;69.28571428571429;69.28571428571429;69.28571428571429;69.28571428571429;69.28571428571429;69.28571428571429;69.28571428571429;69.28571428571429
3;BOW;80.39682539682539;78.17460317460318;78.17460317460318;75.95238095238096;80.39682539682539;75.95238095238095;80.39682539682539;80.39682539682539;78.17460317460318
4;CKNN;72.14285714285714;72.14285714285714;72.14285714285714;72.14285714285714;72.14285714285714;72.14285714285714;72.14285714285714;74.64285714285714;72.14285714285714
5;DIVERSE DENSITY;69.28571428571429;69.28571428571429;69.28571428571429;69.28571428571429;69.28571428571429;69.28571428571429;69.28571428571429;69.28571428571429;69.28571428571429
6;EM-DD;69.28571428571429;69.28571428571429;71.5079365079365;69.28571428571429;71.5079365079365;67.06349206349206;66.78571428571429;67.06349206349206;69.28571428571429
7;MILBOOST;35.4109977324263;35.4109977324263;35.4109977324263;35.4109977324263;35.4109977324263;35.4109977324263;35.4109977324263;35.4109977324263;35.4109977324263
