;CVCF;Original;MIL max;MIL min;MIL Extreme;BOW;CKNN;DIVERSE DENSITY;EM-DD;MILBOOST
0;MIL max;96.16161616161617;96.16161616161617;96.16161616161617;96.16161616161617;96.16161616161617;96.16161616161617;96.16161616161617;96.16161616161617;96.16161616161617
1;MIL min;93.79461279461279;93.79461279461279;93.79461279461279;93.79461279461279;93.79461279461279;93.79461279461279;93.79461279461279;93.79461279461279;93.79461279461279
2;MIL Extreme;96.7138047138047;96.7138047138047;96.7138047138047;96.7138047138047;96.7138047138047;96.7138047138047;96.7138047138047;96.7138047138047;96.7138047138047
3;BOW;83.02356902356902;83.20538720538721;83.75084175084176;83.2087542087542;83.93265993265993;82.65993265993265;82.84511784511784;84.11784511784512;83.57239057239057
4;CKNN;85.04377104377105;85.04377104377105;85.04377104377105;85.04377104377105;85.04377104377105;85.04377104377105;85.04377104377105;85.04377104377105;85.04377104377105
5;DIVERSE DENSITY;50.11447811447812;35.45454545454545;49.02020202020202;17.272727272727273;32.54545454545455;49.03703703703704;52.9090909090909;33.81818181818182;17.272727272727273
6;EM-DD;92.8821548821549;93.06734006734007;93.6060606060606;92.8821548821549;92.70033670033669;92.33670033670035;93.97643097643098;91.6127946127946;91.59932659932659
7;MILBOOST;20.43842124953236;20.43842124953236;20.43842124953236;20.43842124953236;20.43842124953236;20.43842124953236;20.43842124953236;20.43842124953236;20.43842124953236
