EM-DD;MIL-EF-CON;MIL-CVCF-CON;MIL-IPF-CON;MIL-EF-MAX;MIL-CVCF-MAX;MIL-IPF-MAX
Musk 1;71.52046784;77.84356725;77.16374269;72.51044277;73.59649123;76.60818713
Musk 2;70.1858217;63.40037594;75.21303258;67.87039026;61.98621554;70.25908521
Muta 1;67.2292217;66.56650071;60.17069701;68.84982727;71.26244666;66.56650071
Muta 2;80.81349206;70.50099206;68.45238095;83.05555556;61.30952381;68.92857143
Tiger;65.67857143;59.125;55.5;64.42857143;57.625;59.3125
Fox;55.28571429;58.3125;55.25;55.10714286;56.9375;55.25
Elephant;68.17857143;70.375;73;69.53571429;65.875;60.25
BRCR;77.12453965;78.93086581;78.60546138;77.70392208;72.44772295;39.25
WIWR;88.30832131;75.07449495;85.96885522;85.66209716;80.91287879;39.25
