MILBOOST;MIL-EF-CON;MIL-CVCF-CON;MIL-IPF-CON;MIL-EF-MAX;MIL-CVCF-MAX;MIL-IPF-MAX
Musk 1;69.82898584;50.94182825;50.94182825;65.38819637;46.19447009;41.42086454
Musk 2;63.00932171;39.38284433;39.38284433;60.79190316;33.82418735;39.38284433
Muta 1;67.02390588;65.62225698;65.62225698;67.57525536;70.27733206;65.62225698
Muta 2;77.29865442;35.41099773;35.41099773;75.02885645;10.96698633;35.41099773
Tiger;61.90625;50;50;60.15625;47.678125;50
Fox;54.6875;50;50;55;44.465625;50
Elephant;64.03125;50;50;65;45.059375;50
BRCR;71.57013632;36.20428423;29.55;73.38010183;35.30306846;19.15
WIWR;70.85867471;20.43842125;19.55;76.25282454;18.24065118;9.15
