;CVCF;Original;MIL max;MIL min;MIL Extreme;BOW;CKNN;DIVERSE DENSITY;EM-DD;MILBOOST
0;MIL max;61.82706766917293;59.62155388471179;58.769423558897245;59.721804511278194;61.573934837092736;60.67418546365915;63.779448621553875;61.56892230576441;35.26817042606516
1;MIL min;65.68922305764411;59.874686716791985;63.7844611528822;63.98496240601504;65.48872180451127;61.827067669172926;58.774436090225564;66.78947368421052;39.225563909774436
2;MIL Extreme;80.25563909774436;71.24561403508773;71.44611528822057;74.3984962406015;75.24561403508771;74.29824561403508;63.779448621553875;69.54135338345864;36.26817042606516
3;BOW;62.6265664160401;57.06516290726817;60.52130325814536;54.91228070175439;66.4310776942356;68.58897243107769;64.67919799498745;50.606516290726816;36.32080200501253
4;CKNN;65.62656641604009;63.67418546365915;60.92230576441102;62.82205513784461;67.53634085213032;65.72681704260651;55.05513784461154;61.86967418546366;45.04511278195489
5;DIVERSE DENSITY;62.774436090225564;57.012531328320804;61.774436090225564;59.86967418546366;63.67919799498746;58.9172932330827;61.82205513784461;65.2280701754386;37.225563909774436
6;EM-DD;66.6842105263158;62.9749373433584;59.86466165413534;66.6842105263158;59.9172932330827;71.74185463659148;65.08020050125313;61.721804511278194;39.278195488721806
7;MILBOOST;39.50482283402742;39.38284432886728;39.38284432886728;39.38284432886728;39.38284432886728;39.38284432886728;36.839638570109486;36.839638570109486;0.0
