;CVCF;Original;MIL max;MIL min;MIL Extreme;BOW;CKNN;DIVERSE DENSITY;EM-DD;MILBOOST
0;MIL max;83.76756907032136;83.94774925050154;81.20370579086175;84.1278993756058;85.57598298882704;83.76426301196943;75.40833577530825;73.68741218282501;35.58415796947907
1;MIL min;78.82508697187596;80.27802447985934;75.89755727370405;81.55578597780433;80.83679342394939;75.71576914696182;74.10722148336826;67.35492790538662;35.946156331477425
2;MIL Extreme;84.12456326217794;83.94107702364583;80.68970388236444;85.57922893702712;81.21865819113525;83.76256490017957;64.41584203052093;81.22524025276319;36.31643486689358
3;BOW;83.7577110054174;84.86017627302031;78.27790425955564;84.47997956254837;82.47494533733065;80.65655313361735;64.23235579198881;75.576809503415;36.1346166850754
4;CKNN;64.40437601905492;68.79973551533183;70.06588072643119;70.61964550037945;73.36202090330531;67.141747251839;65.33157511139163;70.42951709006755;41.04737431342936
5;DIVERSE DENSITY;54.97148524671461;63.5067210663541;65.15476109971523;65.88042588042588;66.43749671272607;25.688073394495415;38.899082568807344;47.80890982725846;35.94451832983943
6;EM-DD;73.12697518202106;83.92284862009632;78.0961461878893;81.74430644155416;80.81850491024804;69.34158345167518;69.18979029070772;78.25630968750235;36.12800456837154
7;MILBOOST;36.56133744366583;36.204284234659575;36.204284234659575;36.204284234659575;36.204284234659575;36.204284234659575;36.024164716100536;35.84565231940632;29.53330949989005
