;CVCF;Original;MIL max;MIL min;MIL Extreme;BOW;CKNN;DIVERSE DENSITY;EM-DD;MILBOOST
0;MIL max;94.71043771043772;95.62962962962963;92.11784511784512;95.62962962962963;80.29629629629629;94.71043771043772;88.84175084175084;81.2087542087542;18.791245791245792
1;MIL min;89.7912457912458;90.87878787878788;85.78451178451179;90.51178451178453;80.11111111111111;85.05050505050505;86.29629629629629;81.02356902356902;19.161616161616163
2;MIL Extreme;94.72390572390573;94.72390572390573;91.44444444444444;95.08754208754209;84.47474747474747;94.71717171717172;91.02356902356902;81.2087542087542;18.973063973063976
3;BOW;85.78114478114477;80.65993265993265;80.47811447811446;80.84511784511784;80.11111111111111;81.57575757575758;80.83838383838383;81.02356902356902;19.161616161616163
4;CKNN;77.18518518518519;83.57239057239057;82.64983164983165;84.29966329966331;81.92592592592592;80.48148148148148;83.01683501683502;80.84175084175084;26.101010101010097
5;DIVERSE DENSITY;16.545454545454547;48.909090909090914;32.292929292929294;67.2020202020202;64.11111111111111;52.50168350168351;49.63636363636364;81.02356902356902;18.97643097643098
6;EM-DD;81.20538720538721;88.33670033670033;87.6026936026936;92.87878787878788;81.20202020202021;64.65656565656566;86.13468013468014;81.20538720538721;18.794612794612796
7;MILBOOST;19.54261583285152;20.43842124953236;20.43842124953236;20.43842124953236;20.43842124953236;20.43842124953236;20.259908852838144;19.364103436157308;4.1090909090909085
