;EF;Original;Filtro_1;Filtro_2
0;MIL max;64.3669985775249;67.02702702702702;67.5533428165007
1;MIL min;65.4551920341394;67.02702702702705;67.55334281650072
2;MIL Extreme;65.81318160265529;67.02702702702705;67.55334281650072
3;BOW;66.38691322901849;67.02702702702702;67.5533428165007
4;CKNN;65.46230440967284;67.66714082503556;68.19345661450924
5;DIVERSE DENSITY;67.31626363205311;67.56045519203414;68.08677098150783
6;EM-DD;67.19975614712456;67.4842511684617;68.01056695793537
7;MILBOOST;67.0025687512773;67.31382876475337;67.83668195034895
