;EF;Original;Filtro_1;Filtro_2
0;MIL max;93.05723905723906;94.33333333333334;80.11111111111111
1;MIL min;90.14309764309763;91.87037037037038;80.11111111111111
2;MIL Extreme;91.4186307519641;92.81257014590349;80.11111111111111
3;BOW;89.41329966329968;89.81902356902357;80.11111111111111
4;CKNN;87.14882154882154;88.75286195286195;80.11111111111111
5;DIVERSE DENSITY;85.63916947250279;87.88888888888889;80.11111111111111
6;EM-DD;84.69071669071668;88.34151034151034;80.1111111111111
7;MILBOOST;76.65917976056865;79.8536242050131;72.65202487841376
