;IPF;Original;MIL max;MIL min;MIL Extreme;BOW;CKNN;DIVERSE DENSITY;EM-DD;MILBOOST
0;MIL max;70.63659147869674;70.63659147869674;70.63659147869674;70.63659147869674;70.63659147869674;70.63659147869674;70.63659147869674;70.63659147869674;70.63659147869674
1;MIL min;75.75187969924812;75.75187969924812;75.75187969924812;75.75187969924812;75.75187969924812;75.75187969924812;75.75187969924812;75.75187969924812;75.75187969924812
2;MIL Extreme;80.40852130325814;80.40852130325814;80.40852130325814;80.40852130325814;80.40852130325814;80.40852130325814;80.40852130325814;80.40852130325814;80.40852130325814
3;BOW;56.664160401002505;60.817042606516296;67.6842105263158;61.82205513784461;56.91228070175439;61.62155388471179;65.57894736842105;65.77944862155388;60.922305764411036
4;CKNN;72.64661654135338;72.64661654135338;72.64661654135338;72.64661654135338;72.64661654135338;72.64661654135338;72.64661654135338;72.64661654135338;72.64661654135338
5;DIVERSE DENSITY;64.63157894736841;60.82205513784461;59.774436090225564;62.72681704260651;56.82205513784461;62.72681704260651;58.774436090225564;58.82205513784461;60.82205513784461
6;EM-DD;74.65664160401002;71.69924812030075;77.51378446115288;74.55639097744361;73.70426065162907;78.41353383458647;77.50877192982456;73.6516290726817;74.65664160401002
7;MILBOOST;39.38284432886728;39.38284432886728;39.38284432886728;39.38284432886728;39.38284432886728;39.38284432886728;39.38284432886728;39.38284432886728;39.38284432886728
