;IPF;Original;MIL max;MIL min;MIL Extreme;BOW;CKNN;DIVERSE DENSITY;EM-DD;MILBOOST
0;MIL max;62.61904761904761;62.61904761904761;62.61904761904761;62.61904761904761;62.61904761904761;62.61904761904761;62.61904761904761;62.61904761904761;62.61904761904761
1;MIL min;61.42857142857142;61.42857142857142;61.42857142857142;61.42857142857142;61.42857142857142;61.42857142857142;61.42857142857142;61.42857142857142;61.42857142857142
2;MIL Extreme;62.61904761904761;62.61904761904761;62.61904761904761;62.61904761904761;62.61904761904761;62.61904761904761;62.61904761904761;62.61904761904761;62.61904761904761
3;BOW;81.30952380952382;81.03174603174604;81.03174603174604;81.03174603174604;83.53174603174604;81.30952380952382;78.80952380952382;78.80952380952382;81.30952380952382
4;CKNN;73.0952380952381;73.0952380952381;73.0952380952381;68.01587301587301;70.87301587301587;70.87301587301587;73.0952380952381;73.0952380952381;68.01587301587301
5;DIVERSE DENSITY;69.28571428571429;69.28571428571429;69.28571428571429;69.28571428571429;69.28571428571429;69.28571428571429;69.28571428571429;69.28571428571429;69.28571428571429
6;EM-DD;71.78571428571429;72.14285714285714;69.28571428571429;69.28571428571429;69.28571428571429;71.5079365079365;71.5079365079365;71.5079365079365;69.28571428571429
7;MILBOOST;35.4109977324263;35.4109977324263;35.4109977324263;35.4109977324263;35.4109977324263;35.4109977324263;35.4109977324263;35.4109977324263;35.4109977324263
