;IPF;Original;MIL max;MIL min;MIL Extreme;BOW;CKNN;DIVERSE DENSITY;EM-DD;MILBOOST
0;MIL max;67.53634085213032;67.53634085213032;67.53634085213032;67.53634085213032;67.53634085213032;67.53634085213032;67.53634085213032;67.53634085213032;67.53634085213032
1;MIL min;66.77944862155388;66.77944862155388;66.77944862155388;66.77944862155388;66.77944862155388;66.77944862155388;66.77944862155388;66.77944862155388;66.77944862155388
2;MIL Extreme;72.53634085213032;72.53634085213032;72.53634085213032;72.53634085213032;72.53634085213032;72.53634085213032;72.53634085213032;72.53634085213032;72.53634085213032
3;BOW;58.511278195488714;58.56390977443609;62.473684210526315;58.664160401002505;61.468671679197996;64.47368421052632;55.45864661654135;52.89724310776942;57.511278195488714
4;CKNN;69.88972431077694;69.88972431077694;69.88972431077694;69.88972431077694;69.88972431077694;69.88972431077694;69.88972431077694;69.88972431077694;69.88972431077694
5;DIVERSE DENSITY;60.721804511278194;65.57894736842105;63.027568922305775;63.774436090225564;58.82205513784461;60.932330827067666;61.774436090225564;55.9172932330827;59.027568922305775
6;EM-DD;65.08020050125313;67.1328320802005;65.07518796992481;68.03258145363408;68.1328320802005;68.03258145363408;68.1328320802005;68.1328320802005;66.02756892230576
7;MILBOOST;39.38284432886728;39.38284432886728;39.38284432886728;39.38284432886728;39.38284432886728;39.38284432886728;39.38284432886728;39.38284432886728;39.38284432886728
