;IPF;Original;MIL max;MIL min;MIL Extreme;BOW;CKNN;DIVERSE DENSITY;EM-DD;MILBOOST
0;MIL max;85.94292541081532;85.94292541081532;85.94292541081532;85.94292541081532;85.94292541081532;85.94292541081532;85.94292541081532;85.94292541081532;85.94292541081532
1;MIL min;82.6617376342147;82.6617376342147;82.8452238727468;82.6617376342147;82.6617376342147;82.6617376342147;82.6617376342147;82.6617376342147;82.6617376342147
2;MIL Extreme;86.33140229470504;86.33140229470504;86.33140229470504;86.33140229470504;86.33140229470504;86.33140229470504;86.33140229470504;86.33140229470504;86.33140229470504
3;BOW;85.96112375928891;84.49984596773588;86.12971770769937;85.24040303856819;86.14624799945902;85.96273170585097;84.66510380271848;85.23542892350233;85.7776375207568
4;CKNN;70.98977376041596;70.98977376041596;70.98977376041596;70.98977376041596;70.98977376041596;70.98977376041596;70.98977376041596;70.98977376041596;70.98977376041596
5;DIVERSE DENSITY;25.82031572857261;12.727272727272727;38.66435242582032;37.6814011676397;24.403669724770644;25.08637077444417;51.5717752781973;53.561947268369295;40.05671392827357
6;EM-DD;80.46323888525724;79.03016778246136;80.46809278001938;75.9306779673752;79.39535198250795;78.63489845141221;78.66307508509342;76.47285650955375;78.2895506014772
7;MILBOOST;36.204284234659575;36.204284234659575;36.204284234659575;36.204284234659575;36.204284234659575;36.204284234659575;36.204284234659575;36.204284234659575;36.204284234659575
