;CVCF;Original;MIL max;MIL min;MIL Extreme;BOW;CKNN;DIVERSE DENSITY;EM-DD;MILBOOST
0;MIL max;76.0233918128655;76.0233918128655;69.53216374269006;73.85964912280701;72.86549707602339;76.08187134502924;70.58479532163742;71.6374269005848;53.21637426900585
1;MIL min;83.50877192982458;78.0701754385965;81.28654970760235;82.39766081871346;83.50877192982458;79.18128654970761;75.96491228070174;78.01169590643275;54.327485380116954
2;MIL Extreme;82.57309941520468;79.18128654970761;75.08771929824562;83.5672514619883;80.35087719298245;82.57309941520468;74.7953216374269;78.12865497076022;55.38011695906433
3;BOW;65.2046783625731;65.26315789473684;60.8187134502924;62.98245614035087;54.44444444444444;58.654970760233915;53.21637426900585;56.432748538011694;52.16374269005847
4;CKNN;81.40350877192982;82.39766081871346;82.51461988304092;82.45614035087718;73.74269005847952;78.24561403508773;86.95906432748538;87.89473684210527;62.92397660818714
5;DIVERSE DENSITY;68.59649122807018;72.7485380116959;65.26315789473685;71.9298245614035;62.865497076023395;70.76023391812866;71.69590643274853;69.47368421052632;52.10526315789474
6;EM-DD;75.90643274853801;74.7953216374269;78.07017543859648;75.84795321637426;78.0701754385965;79.18128654970761;74.85380116959064;75.84795321637426;52.10526315789474
7;MILBOOST;52.871310830682944;50.94182825484764;50.94182825484764;50.94182825484764;50.94182825484764;50.94182825484764;50.94182825484764;50.94182825484764;0.0
