;CVCF;Original;MIL max;MIL min;MIL Extreme;BOW;CKNN;DIVERSE DENSITY;EM-DD;MILBOOST
0;MIL max;92.42063492063492;78.45238095238096;90.47619047619047;80.0;100.0;100.0;0.0;40.0;7.579365079365078
1;MIL min;94.92063492063492;81.30952380952382;88.61111111111111;77.77777777777779;97.77777777777779;97.77777777777779;20.0;0.0;5.079365079365079
2;MIL Extreme;90.1984126984127;81.30952380952382;93.33333333333333;60.0;80.0;100.0;0.0;20.0;9.8015873015873
3;BOW;90.27777777777779;78.80952380952382;90.83333333333333;77.5;97.5;97.5;20.0;20.0;6.944444444444445
4;CKNN;92.42063492063492;76.30952380952382;88.61111111111111;97.77777777777779;92.42063492063492;90.1984126984127;100.0;95.55555555555556;19.68253968253968
5;DIVERSE DENSITY;92.6984126984127;78.80952380952382;88.61111111111111;77.77777777777779;77.77777777777779;97.77777777777779;20.0;0.0;7.301587301587301
6;EM-DD;90.27777777777779;81.30952380952382;93.33333333333333;60.0;100.0;91.11111111111111;0.0;60.0;4.722222222222222
7;MILBOOST;19.230599647266313;16.826971529352484;17.008377425044092;10.694444444444445;10.694444444444445;15.773809523809524;0.0;4.375;7.901234567901234
