;CVCF;Original;MIL max;MIL min;MIL Extreme;BOW;CKNN;DIVERSE DENSITY;EM-DD;MILBOOST
0;MIL max;73.9118065433855;69.6728307254623;68.62019914651493;69.14651493598862;69.14651493598862;71.26600284495021;69.6728307254623;71.80654338549076;73.39971550497866
1;MIL min;79.27453769559034;69.16073968705547;72.34708392603129;72.37553342816501;72.9018492176387;74.48079658605974;73.44238975817925;76.10241820768137;77.69559032716927
2;MIL Extreme;69.14651493598862;68.1081081081081;67.55334281650072;68.09388335704126;69.1891891891892;67.04125177809388;69.71550497866288;72.37553342816501;72.90184921763868
3;BOW;80.34139402560456;68.62019914651492;69.68705547652915;71.29445234708393;71.82076813655762;72.87339971550497;73.42816500711237;76.0881934566145;78.20768136557611
4;CKNN;63.74110953058321;71.30867709815078;68.0796586059744;65.9601706970128;70.73968705547654;64.96443812233287;68.05120910384068;70.72546230440966;71.80654338549076
5;DIVERSE DENSITY;80.27027027027027;67.5533428165007;67.5533428165007;68.0796586059744;68.60597439544807;76.04551920341393;69.13229018492176;71.25177809388336;73.9118065433855
6;EM-DD;76.07396870554766;68.62019914651492;69.14651493598862;70.19914651493599;70.72546230440966;71.77809388335703;71.25177809388336;73.38549075391181;74.99288762446658
7;MILBOOST;73.70175371148643;67.11810185569263;68.14074612158012;69.16339038746764;69.16339038746764;69.16339038746764;55.32847439038949;72.19320166164519;44.343951647986984
