BOW;MIL-EF-CON;MIL-CVCF-CON;MIL-IPF-CON;MIL-EF-MAX;MIL-CVCF-MAX;MIL-IPF-MAX
Musk 1;59.51754386;62.54385965;59.72222222;59.72222222;53.93274854;58.0628655
Musk 2;59.88471178;56.13157895;54.7612782;61.63690476;55.93546366;61.40068922
Muta 1;67.43421053;68.90469417;67.96230441;62.42354196;69.37411095;68.24857752
Muta 2;67.30654762;74.92063492;71.17063492;80.1984127;55.26785714;75.67460317
Tiger;57.25;61.0625;60.875;60.0625;58.9375;64.8125
Fox;52.25;54.375;52.6875;52;52.4375;55.75
Elephant;63.0625;60.4375;64;61.6875;60.875;54.25
BRCR;72.85812877;83.29240583;49.35;69.21328585;71.70254679;38.95
WIWR;85.38552189;84.27819865;49.35;84.36994949;73.68308081;38.95
