;EF;Original;Filtro_1;Filtro_2
0;MIL max;53.0;53.5;54.5
1;MIL min;51.75;52.25;53.75
2;MIL Extreme;52.5;52.5;53.333333333333336
3;BOW;51.75;51.875;52.625
4;CKNN;52.7;51.7;54.3
5;DIVERSE DENSITY;52.583333333333336;51.416666666666664;54.25
6;EM-DD;53.357142857142854;51.57142857142857;54.357142857142854
7;MILBOOST;52.9375;51.375;53.8125
