;EF;Original;Filtro_1;Filtro_2
0;MIL max;59.5;55.0;62.0
1;MIL min;60.5;54.5;59.25
2;MIL Extreme;60.166666666666664;54.333333333333336;60.333333333333336
3;BOW;60.0;54.25;60.25
4;CKNN;59.7;55.0;60.1
5;DIVERSE DENSITY;58.333333333333336;54.166666666666664;58.25
6;EM-DD;57.07142857142857;53.785714285714285;58.0
7;MILBOOST;56.1875;53.3125;57.0
