;EF;Original;Filtro_1;Filtro_2
0;MIL max;92.7138047138047;93.07744107744108;86.31313131313132
1;MIL min;89.6111111111111;88.15488215488216;83.30303030303031
2;MIL Extreme;91.07070707070707;89.91694725028059;84.30976430976433
3;BOW;89.74831649831648;87.51094276094277;83.26010101010101
4;CKNN;86.43501683501682;86.68686868686868;82.88282828282829
5;DIVERSE DENSITY;74.78675645342311;75.05723905723904;69.06902356902357
6;EM-DD;75.54737854737856;74.2987012987013;68.36075036075037
7;MILBOOST;68.65875888514776;67.56616629255518;62.370459221848115
