BOW;MIL-EF-CON;MIL-CVCF-CON;MIL-IPF-CON;MIL-EF-MAX;MIL-CVCF-MAX;MIL-IPF-MAX
Musk 1;69.36403509;49.84649123;62.62426901;64.85380117;55.82602339;53.00438596
Musk 2;69.35745614;63.98433584;55.41760652;65.69266917;56.06203008;55.50281955
Muta 1;65.56543385;68.36593172;67.96230441;68.36415363;74.23719772;68.24857752
Muta 2;78.80952381;77.22222222;72.85714286;79.26587302;65.14880952;78.41269841
Tiger;63.5625;66.9375;62.375;65.4375;58.1875;64.25
Fox;51.9375;56.75;54.75;56.125;53.375;51.875
Elephant;64.9375;65.5625;62.75;62.75;61.125;66.5625
BRCR;80.26353981;85.1761096;49.45;77.86205284;71.73552285;39.05
WIWR;86.27188552;83.56734007;49.45;85.87920875;72.97180135;39.05
