CKNN;MIL-EF-CON;MIL-CVCF-CON;MIL-IPF-CON;MIL-EF-MAX;MIL-CVCF-MAX;MIL-IPF-MAX
Musk 1;59.77192982;67.48538012;65.32163743;60.93567251;69.25438596;67.60233918
Musk 2;60.62756892;69.78446115;66.63157895;60.59674185;60.72368421;67.73182957
Muta 1;68.26031294;62.40042674;71.45803698;62.76955903;68.83357041;69.02560455
Muta 2;68.59126984;56.34920635;57.18253968;81.15079365;84.37996032;70.5952381
Tiger;57.55;60;61;60.9;60.3125;58
Fox;53;51.5;62.5;52.5;54.625;57.5
Elephant;65;62;68.5;62.35;60;58.75
BRCR;72.17288882;61.85373697;49.35;69.20345784;64.50381324;38.95
WIWR;84.78484848;68.63636364;49.35;84.12087542;74.20707071;38.95
