;CVCF;Original;MIL max;MIL min;MIL Extreme;BOW;CKNN;DIVERSE DENSITY;EM-DD;MILBOOST
0;MIL max;67.01280227596017;67.01280227596017;67.01280227596017;67.01280227596017;67.01280227596017;67.01280227596017;67.01280227596017;67.01280227596017;67.01280227596017
1;MIL min;66.50071123755335;66.50071123755335;66.50071123755335;66.50071123755335;66.50071123755335;66.50071123755335;66.50071123755335;66.50071123755335;66.50071123755335
2;MIL Extreme;67.02702702702702;67.02702702702702;67.02702702702702;67.02702702702702;67.02702702702702;67.02702702702702;67.02702702702702;67.02702702702702;67.02702702702702
3;BOW;68.62019914651492;69.17496443812233;68.62019914651492;68.62019914651493;67.56756756756756;68.62019914651492;69.1891891891892;68.09388335704125;67.04125177809388
4;CKNN;65.39118065433857;64.83641536273116;58.97581792318634;64.87908961593172;64.90753911806544;63.826458036984356;64.850640113798;63.285917496443815;62.77382645803699
5;DIVERSE DENSITY;75.47652916073969;76.01706970128023;76.00284495021336;77.09815078236132;76.00284495021336;73.94025604551919;77.08392603129445;76.52916073968706;76.01706970128023
6;EM-DD;67.04125177809388;53.34281650071124;66.50071123755335;66.50071123755335;64.92176386913229;66.50071123755335;53.869132290184915;54.92176386913228;66.50071123755335
7;MILBOOST;65.62225698034638;65.62225698034638;65.62225698034638;65.62225698034638;65.62225698034638;65.62225698034638;65.62225698034638;65.62225698034638;65.62225698034638
