;CVCF;Original;MIL max;MIL min;MIL Extreme;BOW;CKNN;DIVERSE DENSITY;EM-DD;MILBOOST
0;MIL max;68.73684210526315;68.73684210526315;68.73684210526315;68.73684210526315;68.73684210526315;68.73684210526315;68.73684210526315;68.73684210526315;68.73684210526315
1;MIL min;67.53634085213032;67.53634085213032;67.53634085213032;67.53634085213032;67.53634085213032;67.53634085213032;67.53634085213032;67.53634085213032;67.53634085213032
2;MIL Extreme;74.5513784461153;74.5513784461153;74.5513784461153;74.5513784461153;74.5513784461153;74.5513784461153;74.5513784461153;74.5513784461153;74.5513784461153
3;BOW;66.59398496240601;70.39849624060152;60.67919799498746;67.64661654135338;63.7844611528822;60.07518796992481;65.7844611528822;60.6265664160401;62.8796992481203
4;CKNN;70.39348370927317;70.39348370927317;70.39348370927317;70.39348370927317;70.39348370927317;70.39348370927317;70.39348370927317;70.39348370927317;70.39348370927317
5;DIVERSE DENSITY;61.774436090225564;59.86967418546366;60.82205513784461;61.774436090225564;61.774436090225564;59.86967418546366;58.9172932330827;59.86967418546366;63.67919799498746
6;EM-DD;66.63157894736841;62.721804511278194;61.86967418546366;63.87468671679197;61.96992481203007;64.72681704260651;64.82706766917292;63.92230576441102;62.82205513784461
7;MILBOOST;39.38284432886728;39.38284432886728;39.38284432886728;39.38284432886728;39.38284432886728;39.38284432886728;39.38284432886728;39.38284432886728;39.38284432886728
