;CVCF;Original;MIL max;MIL min;MIL Extreme;BOW;CKNN;DIVERSE DENSITY;EM-DD;MILBOOST
0;MIL max;66.42857142857142;66.42857142857142;66.42857142857142;66.42857142857142;66.42857142857142;66.42857142857142;66.42857142857142;66.42857142857142;66.42857142857142
1;MIL min;69.28571428571429;69.28571428571429;69.28571428571429;69.28571428571429;69.28571428571429;69.28571428571429;69.28571428571429;69.28571428571429;69.28571428571429
2;MIL Extreme;69.28571428571429;69.28571428571429;69.28571428571429;69.28571428571429;69.28571428571429;69.28571428571429;69.28571428571429;69.28571428571429;69.28571428571429
3;BOW;76.86507936507937;76.86507936507937;79.08730158730158;81.94444444444443;81.94444444444443;74.64285714285714;76.86507936507937;74.64285714285714;71.78571428571429
4;CKNN;69.28571428571429;71.50793650793652;73.73015873015873;71.5079365079365;71.50793650793652;71.5079365079365;71.50793650793652;71.5079365079365;73.73015873015873
5;DIVERSE DENSITY;59.28571428571428;59.28571428571428;64.28571428571428;59.28571428571428;61.507936507936506;59.28571428571428;59.28571428571428;64.28571428571428;59.28571428571428
6;EM-DD;69.28571428571429;71.5079365079365;69.28571428571429;73.73015873015872;69.28571428571429;69.28571428571429;74.36507936507937;69.28571428571429;69.28571428571429
7;MILBOOST;35.4109977324263;35.4109977324263;35.4109977324263;35.4109977324263;35.4109977324263;35.4109977324263;35.4109977324263;35.4109977324263;35.4109977324263
