;EF;Original;Filtro_1;Filtro_2
0;MIL max;65.94594594594595;66.50071123755335;67.5533428165007
1;MIL min;67.83783783783784;66.50071123755336;67.55334281650072
2;MIL Extreme;68.46372688477952;66.50071123755336;67.55334281650072
3;BOW;68.23613086770982;66.50071123755336;67.5533428165007
4;CKNN;70.7624466571835;66.8221906116643;67.44807965860598
5;DIVERSE DENSITY;71.46752015173068;66.76861071597915;67.4656235182551
6;EM-DD;70.75797602113391;66.73033936191831;67.47815484657589
7;MILBOOST;70.11601114103549;66.59182906422181;67.37082135290939
