;EF;Original;Filtro_1;Filtro_2
0;MIL max;95.98989898989899;95.8013468013468;95.25252525252526
1;MIL min;94.7087542087542;94.24747474747474;90.23569023569023
2;MIL Extreme;95.4388327721661;94.88776655443323;92.0314253647587
3;BOW;92.42760942760941;91.78619528619528;89.0513468013468
4;CKNN;90.9097643097643;90.50707070707071;88.35622895622897
5;DIVERSE DENSITY;89.83726150392818;89.65432098765433;87.8636363636364
6;EM-DD;90.29918229918229;89.75276575276574;88.32130832130832
7;MILBOOST;81.56658716797605;81.08847268986158;79.83594743733633
