;EF;Original;Filtro_1;Filtro_2
0;MIL max;64.5;62.0;62.0
1;MIL min;60.5;57.75;57.25
2;MIL Extreme;61.166666666666664;58.666666666666664;58.333333333333336
3;BOW;60.125;58.25;58.375
4;CKNN;60.3;58.8;59.3
5;DIVERSE DENSITY;59.833333333333336;59.0;58.416666666666664
6;EM-DD;59.785714285714285;59.07142857142857;59.0
7;MILBOOST;58.5625;57.9375;57.875
