EM-DD;MIL-EF-CON;MIL-CVCF-CON;MIL-IPF-CON;MIL-EF-MAX;MIL-CVCF-MAX;MIL-IPF-MAX
Musk 1;71.19047619;84.72222222;81.08918129;72.82372598;75.55555556;71.34502924
Musk 2;71.3179377;72.68045113;72.17418546;70.2103473;66.73715539;72.43796992
Muta 1;67.78906726;66.50071124;65.27560455;67.84495021;70.73435277;64.72439545
Muta 2;81.13662132;69.52876984;69.28571429;84.18650794;49.33035714;69.33035714
Tiger;64.35714286;59.6875;60.5625;65.57142857;59.4375;58.5625
Fox;57.60714286;59.9375;57.1875;54.25;55.6875;56
Elephant;73;71.6875;70.875;68.96428571;67.25;63.1875
BRCR;79.61141363;78.48225248;78.36058389;80.15198959;72.26123308;39.35
WIWR;88.1988937;73.17887205;85.96885522;85.8999519;78.33543771;39.35
