;EF;Original;Filtro_1;Filtro_2
0;MIL max;86.68333220626798;86.49326390610796;86.1361795490236
1;MIL min;85.4915207117042;84.48486351238644;84.76171584428465
2;MIL Extreme;85.94885126995217;85.4601306894885;85.27717041478509
3;BOW;86.17960913373759;85.12622380512289;85.21629135390603
4;CKNN;83.61902185755396;82.85037531276062;82.88407005838198
5;DIVERSE DENSITY;80.2677907265063;80.99675154721028;79.96060030004985
6;EM-DD;80.24585696145328;81.10564681206884;80.53111612744641
7;MILBOOST;74.74066037060409;75.49297648989267;74.99026214084806
