MIL min;MIL-EF-CON;MIL-CVCF-CON;MIL-IPF-CON;MIL-EF-MAX;MIL-CVCF-MAX;MIL-IPF-MAX
Musk 1;70.24853801;74.73684211;81.52046784;74.72222222;77.30994152;75.19736842
Musk 2;73.18107769;68.63659148;79.50877193;71.8414787;68.17481203;73.7518797
Muta 1;67.15504979;67.01280228;65.40540541;67.53911807;70.02489331;68.6059744
Muta 2;81.30952381;69.28571429;69.28571429;83.84920635;51.83035714;69.28571429
Tiger;65.5;72.5;75;68.875;63.4375;76.5
Fox;56.25;54;51;53.5;51.375;50
Elephant;69.75;64;61.5;63.875;60.8125;56.875
BRCR;82.60879186;81.75419456;82.68467341;83.48400694;75.62743164;39.35
WIWR;91.28787879;91.96632997;93.25252525;88.23316498;79.46969697;39.35
