;EF;Original;Filtro_1;Filtro_2
0;MIL max;81.36074356257843;82.11288686518044;77.37715363403439
1;MIL min;80.18053332732231;79.82182599613793;73.79260494856825
2;MIL Extreme;81.30787167484415;80.83015125216961;74.92356242814958
3;BOW;81.91990697954;81.10620712455574;74.61789854909121
4;CKNN;78.34339426999978;79.44526444709932;73.78186626993967
5;DIVERSE DENSITY;76.11249364460375;74.73907685834291;65.81775353334987
6;EM-DD;74.96390063362541;75.71714738687214;67.758125336107
7;MILBOOST;70.11894858375467;70.77803949284558;63.81389519842607
