;EF;Original;Filtro_1;Filtro_2
0;MIL max;67.0;65.5;66.5
1;MIL min;65.75;65.0;63.5
2;MIL Extreme;66.66666666666667;65.33333333333333;64.83333333333333
3;BOW;66.5;66.5;64.375
4;CKNN;66.4;67.2;65.4
5;DIVERSE DENSITY;64.25;64.25;62.75
6;EM-DD;62.857142857142854;64.0;62.0
7;MILBOOST;61.25;62.25;60.5
