;EF;Original;Filtro_1;Filtro_2
0;MIL max;93.97306397306399;95.25589225589226;81.92929292929293
1;MIL min;90.58922558922559;93.24579124579124;81.02020202020202
2;MIL Extreme;91.96296296296298;94.03815937149271;81.32323232323233
3;BOW;90.1818181818182;90.73821548821549;81.02020202020203
4;CKNN;86.96565656565657;89.23367003367002;81.09360269360269
5;DIVERSE DENSITY;85.4882154882155;88.35185185185183;80.92985409652077
6;EM-DD;84.64069264069265;88.89562289562289;80.9167869167869
7;MILBOOST;76.6154087167976;80.33847268986158;73.3569912083801
