DIVERSE DENSITY;MIL-EF-CON;MIL-CVCF-CON;MIL-IPF-CON;MIL-EF-MAX;MIL-CVCF-MAX;MIL-IPF-MAX
Musk 1;67.80701754;63.17251462;64.84649123;65.29727096;61.15497076;62.63157895
Musk 2;68.06913116;60.82205514;59.24937343;65.05973266;59.55106516;58.86779449
Muta 1;65.87719298;76.08641536;74.75284495;68.53959222;70.53520626;72.04836415
Muta 2;78.60119048;60.81349206;63.66071429;79.91402116;53.21924603;68.45238095
Tiger;61.875;52.8125;52.875;63.5;51.1875;53.0625
Fox;52.45833333;49.4375;48.5;56.33333333;52.8125;53.625
Elephant;65.375;58;60.25;64.29166667;57.1875;60.625
BRCR;71.0521944;26.45534943;29.45;70.2784152;49.84628144;19.05
WIWR;79.93771044;27.91372054;19.45;84.64085297;43.65656566;9.05
