;EF;Original;Filtro_1;Filtro_2
0;MIL max;96.35690235690237;95.44444444444444;95.44781144781145
1;MIL min;94.80639730639732;94.16835016835016;94.07912457912458
2;MIL Extreme;95.38271604938271;94.83613916947249;94.71604938271606
3;BOW;92.2962962962963;91.42845117845118;91.52188552188552
4;CKNN;90.51919191919193;89.97104377104377;89.97037037037036
5;DIVERSE DENSITY;89.21099887766553;89.15095398428731;88.84511784511784
6;EM-DD;89.55363155363155;89.63299663299662;89.1111111111111
7;MILBOOST;80.91423026561915;80.9836747100636;80.52702487841377
