;EF;Original;Filtro_1;Filtro_2
0;MIL max;69.48370927318295;70.44110275689222;68.4310776942356
1;MIL min;71.01503759398497;69.6390977443609;70.93859649122808
2;MIL Extreme;73.14285714285714;71.55722639933167;72.77443609022556
3;BOW;71.06516290726816;69.0983709273183;69.53634085213032
4;CKNN;72.5032581453634;70.75939849624059;71.6812030075188
5;DIVERSE DENSITY;70.38095238095238;69.26190476190476;69.50375939849624
6;EM-DD;70.40386680988183;69.1936985320444;69.95202291442892
7;MILBOOST;66.52623899975504;65.46734175664726;66.13087559123372
