;EF;Original;Filtro_1;Filtro_2
0;MIL max;75.0;74.0;74.5
1;MIL min;76.5;73.25;75.75
2;MIL Extreme;75.83333333333333;73.66666666666667;74.83333333333333
3;BOW;74.125;73.125;74.0
4;CKNN;73.6;73.9;74.1
5;DIVERSE DENSITY;70.91666666666667;69.83333333333333;70.08333333333333
6;EM-DD;69.85714285714286;68.78571428571429;68.64285714285714
7;MILBOOST;67.375;66.4375;66.3125
