;EF;Original;Filtro_1;Filtro_2
0;MIL max;71.9298245614035;76.3157894736842;74.03508771929826
1;MIL min;76.2280701754386;77.86549707602339;78.39181286549709
2;MIL Extreme;79.12280701754385;80.60428849902534;79.08382066276802
3;BOW;72.9093567251462;75.96491228070174;74.80994152046785
4;CKNN;74.65497076023392;77.53216374269006;77.05263157894737
5;DIVERSE DENSITY;74.16179337231968;77.67056530214425;76.91033138401559
6;EM-DD;74.77861319966583;78.07852965747703;77.87802840434422
7;MILBOOST;71.79901508156357;74.68644198214835;74.51100338565712
