;EF;Original;Filtro_1;Filtro_2
0;MIL max;67.56756756756756;66.50071123755335;66.50071123755335
1;MIL min;68.3783783783784;66.77098150782362;66.50071123755336
2;MIL Extreme;68.82408724513989;66.68089141773353;66.50071123755336
3;BOW;68.5099573257468;66.63584637268849;66.63584637268849
4;CKNN;69.80654338549076;67.14082503556189;68.62588904694168
5;DIVERSE DENSITY;70.0592697961119;67.03413940256047;68.27169274537697
6;EM-DD;69.55090428774638;66.95793537898801;68.01869538711644
7;MILBOOST;69.0598233743214;66.79097557915782;67.71914058627019
