;EF;Original;Filtro_1;Filtro_2
0;MIL max;67.2514619883041;58.53801169590643;60.877192982456144
1;MIL min;66.22807017543859;56.95906432748537;63.07017543859648
2;MIL Extreme;67.6803118908382;57.836257309941516;64.50292397660819
3;BOW;63.27485380116959;57.74853801169591;61.69590643274855
4;CKNN;62.99415204678362;59.02923976608187;62.8421052631579
5;DIVERSE DENSITY;62.82651072124756;58.23586744639376;61.9785575048733
6;EM-DD;63.467000835421885;58.44611528822056;62.89891395154553
7;MILBOOST;61.9013542628501;57.646968297937825;61.527735029581756
