;EF;Original;Filtro_1;Filtro_2
0;MIL max;69.28571428571429;79.0873015873016;81.30952380952382
1;MIL min;69.28571428571428;79.08730158730158;81.30952380952381
2;MIL Extreme;69.28571428571426;79.0873015873016;81.30952380952382
3;BOW;70.625;79.0873015873016;81.30952380952382
4;CKNN;71.42857142857143;79.0873015873016;83.21428571428572
5;DIVERSE DENSITY;71.0714285714286;79.0873015873016;82.89682539682539
6;EM-DD;70.81632653061223;79.08730158730158;83.30498866213152
7;MILBOOST;66.390660430839;74.68149644116906;79.33358528596624
