;EF;Original;Filtro_1;Filtro_2
0;MIL max;66.50071123755335;67.02702702702702;67.02702702702702
1;MIL min;66.77098150782362;66.75675675675677;67.55334281650072
2;MIL Extreme;66.8610715979137;66.84684684684686;67.3779042200095
3;BOW;67.1692745376956;66.8918918918919;67.29018492176387
4;CKNN;68.21337126600284;67.34850640113797;68.83926031294453
5;DIVERSE DENSITY;68.3760075865339;67.29492650545282;68.53722143195827
6;EM-DD;68.10810810810811;67.25665515139198;68.32147937411094
7;MILBOOST;67.7973767171379;67.11468224981738;68.04640344469647
