;EF;Original;Filtro_1;Filtro_2
0;MIL max;61.988304093567265;65.3216374269006;64.21052631578947
1;MIL min;69.12280701754386;70.26315789473685;70.23391812865498
2;MIL Extreme;72.98245614035089;71.16959064327486;72.61208576998051
3;BOW;69.15204678362574;68.02631578947368;69.67836257309942
4;CKNN;70.76023391812865;69.41520467836257;71.82456140350877
5;DIVERSE DENSITY;70.23391812865498;68.73294346978557;71.80311890838206
6;EM-DD;71.55388471177945;69.34001670843776;73.0409356725146
7;MILBOOST;68.97737765466297;67.04024315173899;70.27854724530626
