;EF;Original;Filtro_1;Filtro_2
0;MIL max;62.0;58.5;61.5
1;MIL min;56.5;55.25;57.25
2;MIL Extreme;58.5;55.666666666666664;59.5
3;BOW;56.75;55.625;59.5
4;CKNN;58.0;56.9;60.4
5;DIVERSE DENSITY;57.416666666666664;56.083333333333336;58.916666666666664
6;EM-DD;57.214285714285715;56.357142857142854;58.857142857142854
7;MILBOOST;56.3125;55.5625;57.75
