;EF;Original;Filtro_1;Filtro_2
0;MIL max;78.5;73.5;76.0
1;MIL min;72.5;70.5;69.0
2;MIL Extreme;75.0;73.33333333333333;72.83333333333333
3;BOW;73.75;73.0;72.25
4;CKNN;73.8;73.9;73.1
5;DIVERSE DENSITY;72.75;73.16666666666667;72.41666666666667
6;EM-DD;72.78571428571429;73.5;72.5
7;MILBOOST;69.9375;70.5625;69.6875
