;EF;Original;Filtro_1;Filtro_2
0;MIL max;69.7844611528822;67.87969924812029;73.84210526315789
1;MIL min;73.19423558897243;69.68671679197993;76.67543859649123
2;MIL Extreme;75.02923976608186;71.6908939014202;78.31829573934836
3;BOW;73.99436090225564;69.98809523809524;76.22431077694236
4;CKNN;74.75438596491227;71.1092731829574;76.72882205513784
5;DIVERSE DENSITY;71.46324143692566;69.06056808688388;73.9189640768588
6;EM-DD;71.61797350519154;69.57214464733262;73.06373075546007
7;MILBOOST;67.58858235815102;65.79848210752445;68.85361995213597
