;CVCF;Original;MIL max;MIL min;MIL Extreme;BOW;CKNN;DIVERSE DENSITY;EM-DD;MILBOOST
0;MIL max;74.7953216374269;74.7953216374269;74.7953216374269;74.7953216374269;74.7953216374269;74.7953216374269;74.7953216374269;74.7953216374269;74.7953216374269
1;MIL min;84.6783625730994;84.6783625730994;84.6783625730994;84.6783625730994;84.6783625730994;84.6783625730994;84.6783625730994;84.6783625730994;84.6783625730994
2;MIL Extreme;86.8421052631579;86.8421052631579;86.8421052631579;86.8421052631579;86.8421052631579;86.8421052631579;86.8421052631579;86.8421052631579;86.8421052631579
3;BOW;65.26315789473685;61.98830409356725;61.87134502923978;67.36842105263158;72.7485380116959;69.70760233918129;66.19883040935672;61.98830409356725;60.87719298245613
4;CKNN;86.8421052631579;86.8421052631579;86.8421052631579;86.8421052631579;86.8421052631579;86.8421052631579;86.8421052631579;86.8421052631579;86.8421052631579
5;DIVERSE DENSITY;71.69590643274853;75.08771929824562;78.30409356725147;74.91228070175438;74.09356725146199;72.92397660818713;77.19298245614036;81.57894736842107;71.75438596491227
6;EM-DD;88.12865497076025;83.85964912280701;87.01754385964912;82.57309941520468;88.12865497076025;85.90643274853801;84.97076023391813;82.7485380116959;85.96491228070174
7;MILBOOST;50.94182825484764;50.94182825484764;50.94182825484764;50.94182825484764;50.94182825484764;50.94182825484764;50.94182825484764;50.94182825484764;50.94182825484764
