;CVCF;Original;MIL max;MIL min;MIL Extreme;BOW;CKNN;DIVERSE DENSITY;EM-DD;MILBOOST
0;MIL max;70.48872180451127;70.48872180451127;70.48872180451127;70.48872180451127;70.48872180451127;70.48872180451127;70.48872180451127;70.48872180451127;70.48872180451127
1;MIL min;74.8471177944862;74.8471177944862;74.8471177944862;74.8471177944862;74.8471177944862;74.8471177944862;74.8471177944862;74.8471177944862;74.8471177944862
2;MIL Extreme;80.50877192982456;80.50877192982456;80.50877192982456;80.50877192982456;80.50877192982456;80.50877192982456;80.50877192982456;80.50877192982456;80.50877192982456
3;BOW;65.83208020050125;63.87468671679197;67.83208020050125;67.73684210526315;61.96992481203007;69.93734335839599;66.63157894736841;64.87468671679197;68.48872180451127
4;CKNN;83.51378446115288;83.51378446115288;83.51378446115288;83.51378446115288;83.51378446115288;83.51378446115288;83.51378446115288;83.51378446115288;83.51378446115288
5;DIVERSE DENSITY;55.007518796992485;58.9172932330827;61.774436090225564;60.82205513784461;59.86967418546366;59.86967418546366;60.82205513784461;60.82205513784461;60.721804511278194
6;EM-DD;74.44611528822057;73.54135338345864;72.64160401002506;75.59398496240601;74.64160401002506;79.50375939849623;76.64661654135338;76.64661654135338;78.45112781954887
7;MILBOOST;39.38284432886728;39.38284432886728;39.38284432886728;39.38284432886728;39.38284432886728;39.38284432886728;39.38284432886728;39.38284432886728;39.38284432886728
