;CVCF;Original;MIL max;MIL min;MIL Extreme;BOW;CKNN;DIVERSE DENSITY;EM-DD;MILBOOST
0;MIL max;85.60397929205268;85.60397929205268;85.60397929205268;85.60397929205268;85.60397929205268;85.60397929205268;85.60397929205268;85.60397929205268;85.60397929205268
1;MIL min;84.12944721201602;84.12944721201602;84.12944721201602;84.12944721201602;84.12944721201602;84.12944721201602;84.12944721201602;84.12944721201602;84.12944721201602
2;MIL Extreme;86.88171073492174;86.88171073492174;86.88171073492174;86.88171073492174;86.88171073492174;86.88171073492174;86.88171073492174;86.88171073492174;86.88171073492174
3;BOW;86.88507690342553;86.51649647979923;84.87503850806603;85.60073334385261;85.42546716858644;85.05685668988421;85.42219116531044;86.51813448143723;85.7924997558025
4;CKNN;74.47270623417411;74.47270623417411;74.47270623417411;74.47270623417411;74.47270623417411;74.47270623417411;74.47270623417411;74.47270623417411;74.47270623417411
5;DIVERSE DENSITY;12.792792792792792;12.545454545454547;41.013306884866516;25.636829490040498;51.878667658484176;38.41534612176814;38.48086618728821;26.00380196710472;25.520065520065522
6;EM-DD;78.69125171877465;83.94614130393947;80.49620930354875;81.9640691567297;81.22848620096326;83.94771919542562;79.58372217087813;80.68306171058465;83.41536866307509
7;MILBOOST;36.204284234659575;36.204284234659575;36.204284234659575;36.204284234659575;36.204284234659575;36.204284234659575;36.204284234659575;36.204284234659575;36.204284234659575
