;IPF;Original;MIL max;MIL min;MIL Extreme;BOW;CKNN;DIVERSE DENSITY;EM-DD;MILBOOST
0;MIL max;69.28571428571429;69.28571428571429;69.28571428571429;69.28571428571429;69.28571428571429;69.28571428571429;69.28571428571429;69.28571428571429;69.28571428571429
1;MIL min;69.28571428571429;69.28571428571429;69.28571428571429;69.28571428571429;69.28571428571429;69.28571428571429;69.28571428571429;69.28571428571429;69.28571428571429
2;MIL Extreme;69.28571428571429;69.28571428571429;69.28571428571429;69.28571428571429;69.28571428571429;69.28571428571429;69.28571428571429;69.28571428571429;69.28571428571429
3;BOW;76.5873015873016;78.80952380952382;76.5873015873016;76.5873015873016;76.5873015873016;76.5873015873016;78.80952380952382;76.5873015873016;71.5873015873016
4;CKNN;75.0;75.0;75.0;75.0;75.0;75.0;75.0;75.0;75.0
5;DIVERSE DENSITY;69.28571428571429;69.28571428571429;69.28571428571429;69.28571428571429;69.28571428571429;69.28571428571429;69.28571428571429;69.28571428571429;69.28571428571429
6;EM-DD;66.42857142857142;69.28571428571429;66.42857142857142;69.28571428571429;69.28571428571429;69.28571428571429;69.28571428571429;69.28571428571429;69.28571428571429
7;MILBOOST;35.4109977324263;35.4109977324263;35.4109977324263;35.4109977324263;35.4109977324263;35.4109977324263;35.4109977324263;35.4109977324263;35.4109977324263
