;IPF;Original;MIL max;MIL min;MIL Extreme;BOW;CKNN;DIVERSE DENSITY;EM-DD;MILBOOST
0;MIL max;65.41963015647227;65.41963015647227;65.41963015647227;65.41963015647227;65.41963015647227;65.41963015647227;65.41963015647227;65.41963015647227;65.41963015647227
1;MIL min;69.6728307254623;69.6728307254623;69.6728307254623;69.6728307254623;69.6728307254623;69.6728307254623;69.6728307254623;69.6728307254623;69.6728307254623
2;MIL Extreme;68.60597439544807;68.60597439544807;68.60597439544807;68.60597439544807;68.60597439544807;68.60597439544807;68.60597439544807;68.60597439544807;68.60597439544807
3;BOW;68.64864864864865;67.58179231863443;67.58179231863443;68.1081081081081;69.70128022759602;68.64864864864865;68.12233285917497;68.12233285917497;68.12233285917497
4;CKNN;72.88762446657184;71.26600284495021;69.2176386913229;68.64864864864865;66.50071123755333;71.28022759601707;69.13229018492176;69.14651493598862;67.01280227596018
5;DIVERSE DENSITY;72.91607396870555;70.76813655761023;71.30867709815078;72.91607396870555;73.44238975817923;71.30867709815078;72.91607396870555;72.91607396870555;70.8108108108108
6;EM-DD;66.50071123755335;67.02702702702702;66.50071123755335;66.50071123755335;66.50071123755335;66.50071123755335;66.50071123755335;66.50071123755335;66.50071123755335
7;MILBOOST;65.62225698034638;65.62225698034638;65.62225698034638;65.62225698034638;65.62225698034638;65.62225698034638;65.62225698034638;65.62225698034638;65.62225698034638
