;IPF;Original;MIL max;MIL min;MIL Extreme;BOW;CKNN;DIVERSE DENSITY;EM-DD;MILBOOST
0;MIL max;64.77944862155388;64.77944862155388;64.77944862155388;64.77944862155388;64.77944862155388;64.77944862155388;64.77944862155388;64.77944862155388;64.77944862155388
1;MIL min;73.19799498746866;73.19799498746866;73.19799498746866;73.19799498746866;73.19799498746866;73.19799498746866;73.19799498746866;73.19799498746866;73.19799498746866
2;MIL Extreme;78.50877192982456;78.50877192982456;78.50877192982456;78.50877192982456;78.50877192982456;78.50877192982456;78.50877192982456;78.50877192982456;78.50877192982456
3;BOW;61.82205513784461;68.58897243107769;62.67418546365915;67.53634085213032;64.87468671679198;65.67919799498746;65.38345864661655;63.82706766917293;70.63659147869674
4;CKNN;67.34085213032581;67.34085213032581;67.34085213032581;67.34085213032581;67.34085213032581;67.34085213032581;67.34085213032581;67.34085213032581;67.34085213032581
5;DIVERSE DENSITY;59.82205513784461;56.86466165413534;57.9172932330827;57.82205513784461;56.9172932330827;59.86967418546366;62.72681704260651;56.9172932330827;57.9172932330827
6;EM-DD;67.83709273182959;73.6516290726817;69.49874686716791;67.64160401002506;71.60401002506265;66.73684210526315;73.5513784461153;70.54636591478696;68.84210526315789
7;MILBOOST;39.38284432886728;39.38284432886728;39.38284432886728;39.38284432886728;39.38284432886728;39.38284432886728;39.38284432886728;39.38284432886728;39.38284432886728
