;IPF;Original;MIL max;MIL min;MIL Extreme;BOW;CKNN;DIVERSE DENSITY;EM-DD;MILBOOST
0;MIL max;75.08771929824562;75.08771929824562;75.08771929824562;75.08771929824562;75.08771929824562;75.08771929824562;75.08771929824562;75.08771929824562;75.08771929824562
1;MIL min;77.30994152046785;77.30994152046785;77.30994152046785;77.30994152046785;77.30994152046785;77.30994152046785;77.30994152046785;77.30994152046785;77.30994152046785
2;MIL Extreme;82.7485380116959;82.7485380116959;82.7485380116959;82.7485380116959;82.7485380116959;82.7485380116959;82.7485380116959;82.7485380116959;82.7485380116959
3;BOW;62.748538011695906;69.41520467836257;66.19883040935672;70.46783625730993;64.15204678362574;59.82456140350878;65.26315789473684;62.923976608187125;61.81286549707602
4;CKNN;75.26315789473685;75.26315789473685;75.26315789473685;75.26315789473685;75.26315789473685;75.26315789473685;75.26315789473685;75.26315789473685;75.26315789473685
5;DIVERSE DENSITY;75.96491228070174;68.53801169590642;71.87134502923978;65.2046783625731;62.222222222222214;63.09941520467836;71.69590643274853;61.75438596491229;79.35672514619884
6;EM-DD;75.96491228070174;78.30409356725144;77.13450292397661;76.0233918128655;73.85964912280703;74.91228070175438;78.30409356725146;80.46783625730994;73.85964912280701
7;MILBOOST;50.94182825484764;50.94182825484764;50.94182825484764;50.94182825484764;50.94182825484764;50.94182825484764;50.94182825484764;50.94182825484764;50.94182825484764
