DIVERSE DENSITY;MIL-EF-CON;MIL-CVCF-CON;MIL-IPF-CON;MIL-EF-MAX;MIL-CVCF-MAX;MIL-IPF-MAX
Musk 1;77.29044834;74.51754386;65.76023392;75.38986355;70.19005848;67.62426901
Musk 2;69.38283208;61.14348371;60.71491228;69.84001671;59.68859649;60.82800752
Muta 1;67.65291607;72.39153627;70.83214794;67.51185396;69.37588905;72.54089616
Muta 2;81.49470899;69.28571429;69.28571429;81.49470899;57.10813492;69.28571429
Tiger;69.95833333;54.125;55.625;66.5;52.875;52.875
Fox;55.41666667;54.25;51.6875;55.375;54.5625;50.625
Elephant;72.16666667;63.9375;64.9375;72.20833333;61.625;60.0625
BRCR;80.3165338;27.31639918;30.61149494;80.45654787;50.92647589;19.45
WIWR;88.99803591;34.0547138;23.55387205;87.9161055;37.97474747;9.45
