EM-DD;MIL-EF-CON;MIL-CVCF-CON;MIL-IPF-CON;MIL-EF-MAX;MIL-CVCF-MAX;MIL-IPF-MAX
Musk 1;77.97827903;84.96345029;84.02046784;76.5037594;74.75877193;69.94152047
Musk 2;69.57286072;75.35307018;73.70081454;69.97994987;68.38878446;75.56798246
Muta 1;67.48831538;67.03058321;64.98755334;67.44259297;65.8125889;64.81152205
Muta 2;81.62698413;70.11904762;70.98710317;81.62698413;54.60813492;70.46626984
Tiger;68.71428571;62.8125;57.625;66.03571429;60.5;58.4375
Fox;56.10714286;57.9375;59.125;55.92857143;56.5;60.125
Elephant;72.78571429;75.625;72.125;72.42857143;70.6875;62.6875
BRCR;80.69286181;80.47814996;78.60546138;80.65610231;73.37050958;39.45
WIWR;89.37205387;88.37205387;85.96885522;88.57335257;82.12415825;39.45
