;IPF;Original;MIL max;MIL min;MIL Extreme;BOW;CKNN;DIVERSE DENSITY;EM-DD;MILBOOST
0;MIL max;69.74185463659146;69.74185463659146;69.74185463659146;69.74185463659146;69.74185463659146;69.74185463659146;69.74185463659146;69.74185463659146;69.74185463659146
1;MIL min;79.50877192982456;79.50877192982456;79.50877192982456;79.50877192982456;79.50877192982456;79.50877192982456;79.50877192982456;79.50877192982456;79.50877192982456
2;MIL Extreme;80.50877192982456;80.50877192982456;80.50877192982456;80.50877192982456;80.50877192982456;80.50877192982456;80.50877192982456;80.50877192982456;80.50877192982456
3;BOW;72.09022556390978;68.73182957393483;64.08020050125313;65.92731829573934;61.86967418546366;61.022556390977435;62.92731829573935;63.07518796992481;61.774436090225564
4;CKNN;83.46115288220551;83.46115288220551;83.46115288220551;83.46115288220551;83.46115288220551;83.46115288220551;83.46115288220551;83.46115288220551;83.46115288220551
5;DIVERSE DENSITY;61.774436090225564;60.82205513784461;61.774436090225564;63.67919799498746;61.774436090225564;60.721804511278194;59.769423558897245;56.81203007518798;64.63157894736841
6;EM-DD;72.4937343358396;72.593984962406;74.4937343358396;70.58897243107769;70.64160401002506;73.59398496240601;70.4937343358396;73.4937343358396;71.4937343358396
7;MILBOOST;39.38284432886728;39.38284432886728;39.38284432886728;39.38284432886728;39.38284432886728;39.38284432886728;39.38284432886728;39.38284432886728;39.38284432886728
