CKNN;MIL-EF-CON;MIL-CVCF-CON;MIL-IPF-CON;MIL-EF-MAX;MIL-CVCF-MAX;MIL-IPF-MAX
Musk 1;77.29239766;85.90643275;90.23391813;76.30994152;80.03654971;78.38450292
Musk 2;71.22030075;82.47117794;78.45112782;71.73358396;71.13126566;81.11278195
Muta 1;67.88335704;75.44452347;73.44238976;67.60881935;73.1383357;72.78449502
Muta 2;81.53174603;74.48412698;72.81746032;81.53174603;87.11805556;69.00793651
Tiger;74;74;71;69.5;70;70.5
Fox;56.65;61.5;61.5;55.3;58.625;61.5
Elephant;73.4;77.5;77.5;73.3;71.6875;68.9375
BRCR;82.52885062;73.36520674;72.45772378;83.00831774;69.46799134;39.45
WIWR;89.97070707;82.66329966;82.65656566;88.87272727;79.20622896;39.45
