;EF;Original;Filtro_1;Filtro_2
0;MIL max;58.71345029239766;58.83040935672515;57.77777777777777
1;MIL min;59.7953216374269;58.27485380116959;61.549707602339176
2;MIL Extreme;61.6374269005848;59.55165692007798;63.216374269005854
3;BOW;60.3654970760234;57.73391812865498;61.30116959064328
4;CKNN;59.78947368421053;57.26315789473684;62.280701754385966
5;DIVERSE DENSITY;61.9980506822612;57.524366471734886;62.96296296296296
6;EM-DD;64.18546365914786;58.63826232247285;64.55304928989139
7;MILBOOST;62.53000923361035;57.67620806401969;62.85164666051092
