;EF;Original;Filtro_1;Filtro_2
0;MIL max;60.17042606516291;59.96491228070175;60.265664160401
1;MIL min;61.472431077694225;61.36967418546366;60.06766917293233
2;MIL Extreme;62.30827067669172;61.23475355054302;61.0860484544695
3;BOW;60.64598997493734;59.20175438596491;60.567669172932334
4;CKNN;61.10225563909775;59.77543859649122;61.4796992481203
5;DIVERSE DENSITY;59.61027568922306;59.15622389306599;60.87719298245613
6;EM-DD;59.783387039026145;59.552094522019345;60.86931614751164
7;MILBOOST;57.233319200256275;57.03093824787531;58.18350717018109
