;EF;Original;Filtro_1;Filtro_2
0;MIL max;55.3968253968254;59.84126984126984;70.95238095238096
1;MIL min;62.34126984126984;61.78571428571429;68.45238095238095
2;MIL Extreme;60.02645502645502;61.13756613756615;69.28571428571428
3;BOW;63.70039682539683;64.28571428571429;70.32738095238095
4;CKNN;63.92857142857142;65.73015873015873;71.45238095238095
5;DIVERSE DENSITY;64.82142857142857;65.3968253968254;70.53571428571428
6;EM-DD;64.74489795918367;65.15873015873018;69.88095238095238
7;MILBOOST;61.078160430839;63.161100088183424;66.15862780297304
