;EF;Original;Filtro_1;Filtro_2
0;MIL max;61.5;65.5;70.0
1;MIL min;57.75;58.75;61.0
2;MIL Extreme;61.166666666666664;61.333333333333336;64.0
3;BOW;62.25;61.625;64.5
4;CKNN;64.1;63.1;66.9
5;DIVERSE DENSITY;62.833333333333336;62.333333333333336;66.0
6;EM-DD;63.92857142857143;62.57142857142857;66.07142857142857
7;MILBOOST;62.1875;61.0;64.0625
