;EF;Original;Filtro_1;Filtro_2
0;MIL max;78.84146698825597;75.55372720510334;76.09096168729197
1;MIL min;76.46530517172718;72.2684143693318;73.18170547528345
2;MIL Extreme;77.86458184623322;73.54368880974386;74.45946196404911
3;BOW;79.37871649798255;72.49034104997409;73.22591649197155
4;CKNN;77.11313481955683;71.82526279407013;72.52051484345063
5;DIVERSE DENSITY;66.21289763491599;68.3976161315611;66.71399589748214
6;EM-DD;65.79937378102515;69.21398892041094;66.85488443286609
7;MILBOOST;62.09998758772946;65.08777583469202;63.02355940809027
