MILBOOST;MIL-EF-CON;MIL-CVCF-CON;MIL-IPF-CON;MIL-EF-MAX;MIL-CVCF-MAX;MIL-IPF-MAX
Musk 1;68.6593952;50.94182825;50.94182825;70.08848877;47.37414931;46.1658288
Musk 2;67.32605103;39.38284433;39.38284433;66.35690943;32.87161222;39.38284433
Muta 1;67.58054285;65.62225698;65.62225698;67.75409417;61.3332669;65.62225698
Muta 2;75.66588325;35.41099773;35.41099773;79.01816224;6.963163738;35.41099773
Tiger;62.5625;50;50;63.625;47.678125;50
Fox;56.65625;50;50;53.71875;44.64375;50
Elephant;70.125;50;50;66.59375;48.9875;46.309375
BRCR;74.18552246;36.20428423;36.20428423;74.65852642;31.67874871;19.35
WIWR;79.72883464;20.43842125;20.43842125;77.71726057;17.83899049;9.35
