;IPF;Original;MIL max;MIL min;MIL Extreme;BOW;CKNN;DIVERSE DENSITY;EM-DD;MILBOOST
0;MIL max;69.28571428571429;69.28571428571429;69.28571428571429;69.28571428571429;69.28571428571429;69.28571428571429;69.28571428571429;69.28571428571429;69.28571428571429
1;MIL min;56.90476190476189;56.90476190476189;56.90476190476189;56.90476190476189;56.90476190476189;56.90476190476189;56.90476190476189;56.90476190476189;56.90476190476189
2;MIL Extreme;56.90476190476189;56.90476190476189;56.90476190476189;56.90476190476189;56.90476190476189;56.90476190476189;56.90476190476189;56.90476190476189;56.90476190476189
3;BOW;62.42063492063492;72.14285714285714;74.36507936507937;72.14285714285714;72.14285714285714;64.64285714285714;69.64285714285714;72.14285714285714;72.14285714285714
4;CKNN;57.18253968253968;57.18253968253968;57.18253968253968;57.18253968253968;57.18253968253968;57.18253968253968;57.18253968253968;57.18253968253968;57.18253968253968
5;DIVERSE DENSITY;69.28571428571429;69.28571428571429;69.28571428571429;69.28571428571429;69.28571428571429;69.28571428571429;69.28571428571429;69.28571428571429;69.28571428571429
6;EM-DD;64.84126984126985;64.84126984126985;62.34126984126984;66.78571428571429;62.34126984126984;64.56349206349206;69.28571428571429;64.56349206349206;67.06349206349206
7;MILBOOST;35.4109977324263;35.4109977324263;35.4109977324263;35.4109977324263;35.4109977324263;35.4109977324263;35.4109977324263;35.4109977324263;35.4109977324263
