MILBOOST;MIL-EF-CON;MIL-CVCF-CON;MIL-IPF-CON;MIL-EF-MAX;MIL-CVCF-MAX;MIL-IPF-MAX
Musk 1;60.26392736;50.94182825;50.94182825;59.58735166;47.37414931;39.83819808
Musk 2;57.60722271;39.38284433;39.38284433;57.13056231;34.24456929;39.38284433
Muta 1;67.59022878;65.62225698;65.62225698;61.92770164;65.42787566;65.62225698
Muta 2;64.65986395;35.41099773;35.41099773;77.00754086;17.92843758;35.41099773
Tiger;55.15625;50;50;58.5625;46.36875;50
Fox;52.59375;50;50;51.875;43.15625;50
Elephant;62.53125;50;50;61.25;44.64375;47.259375
BRCR;64.05566762;36.20428423;29.35;60.06208062;33.44232646;18.95
WIWR;64.96831276;20.43842125;19.35;72.92622522;18.57577515;8.95
