EM-DD;MIL-EF-CON;MIL-CVCF-CON;MIL-IPF-CON;MIL-EF-MAX;MIL-CVCF-MAX;MIL-IPF-MAX
Musk 1;68.29991646;73.80116959;75.08040936;66.35756057;70.61403509;72.01754386
Musk 2;67.30558539;63.34179198;61.83615288;64.59488006;54.72869674;59.35432331
Muta 1;64.06116643;61.63229018;60.17069701;68.51452957;71.45981508;66.56650071
Muta 2;78.63095238;70.75396825;63.79960317;80.17857143;57.11805556;70
Tiger;61.07142857;54.5;56.375;63;54.875;54.375
Fox;52.85714286;58.4375;54.9375;56.78571429;53.9375;55
Elephant;65.42857143;68.1875;65.5625;65.46428571;61.75;67.0625
BRCR;72.26566755;68.29674128;49.45;71.73763636;68.16011278;39.05
WIWR;80.52092352;80.11111111;49.45;84.90620491;77.05850168;39.05
