MIL max;MIL-EF-CON;MIL-CVCF-CON;MIL-IPF-CON;MIL-EF-MAX;MIL-CVCF-MAX;MIL-IPF-MAX
Musk 1;75.1754386;78.42105263;72.86549708;72.39766082;67.85087719;66.36695906
Musk 2;69.43609023;64.73182957;71.44110276;69.66541353;62.12186717;71.49874687
Muta 1;66.50071124;68.12233286;67.04125178;67.02702703;69.50035562;66.63584637
Muta 2;81.30952381;69.28571429;69.28571429;81.30952381;61.83035714;69.28571429
Tiger;74.25;73;68;67.75;65.5;72.5
Fox;60;66;61;56.5;59.4375;62.5
Elephant;74.5;73.5;79.5;77;70.75;62.25
BRCR;86.41803605;85.59084522;84.84355582;85.21647168;77.65699645;39.45
WIWR;95.44612795;95.7979798;96.16835017;94.9006734;85.34259259;39.45
