;CVCF;Original;MIL max;MIL min;MIL Extreme;BOW;CKNN;DIVERSE DENSITY;EM-DD;MILBOOST
0;MIL max;76.35087719298245;71.34085213032581;69.58395989974937;68.53634085213032;68.58395989974937;72.39348370927317;65.73182957393483;63.774436090225564;33.315789473684205
1;MIL min;79.41353383458646;79.56140350877192;74.5513784461153;78.40852130325814;69.88972431077693;75.65664160401002;63.67919799498746;65.32581453634086;38.32581453634085
2;MIL Extreme;74.49874686716791;70.58897243107769;71.84711779448621;73.54636591478696;75.45614035087719;72.49874686716791;61.721804511278194;69.84210526315789;38.225563909774436
3;BOW;68.3984962406015;62.6265664160401;68.73684210526315;60.774436090225564;65.48872180451127;64.73684210526315;59.67418546365915;57.42105263157894;35.368421052631575
4;CKNN;81.50877192982456;74.39348370927317;70.53634085213032;78.6516290726817;74.64661654135338;82.46115288220551;65.73182957393483;70.63157894736841;42.28320802005012
5;DIVERSE DENSITY;62.57393483709272;60.721804511278194;60.66917293233083;60.721804511278194;60.82205513784461;61.774436090225564;65.63157894736841;68.531328320802;36.3734335839599
6;EM-DD;76.69924812030075;71.63659147869674;78.60401002506265;71.68922305764411;69.0325814536341;73.69423558897242;63.62656641604009;67.4360902255639;38.177944862155385
7;MILBOOST;37.54101607401963;39.38284432886728;39.38284432886728;39.38284432886728;39.38284432886728;39.38284432886728;29.379338069484486;36.67933806948449;0.0
