;CVCF;Original;MIL max;MIL min;MIL Extreme;BOW;CKNN;DIVERSE DENSITY;EM-DD;MILBOOST
0;MIL max;86.48837995626987;87.04214473021814;85.39571264341907;85.58253499537904;84.84686187438481;86.49001795790787;69.28401295373772;86.6668620246602;35.94782438819136
1;MIL min;82.46160088361924;81.74091021797445;81.17722726897038;82.27975264672514;82.82693535904545;80.08789606954744;71.3899570963791;80.62513055173606;35.76433814965925
2;MIL Extreme;86.47348766614822;86.29825154595797;86.86029649332403;85.21386440652495;84.66671174928055;86.84704220484036;68.55668011631315;85.9378911855976;36.49661504707376
3;BOW;85.39898864669507;85.22217463501867;84.13614949394767;84.49317374088017;84.31790756561398;83.75595278347572;66.61931489454426;84.84852993109874;35.94949244490529
4;CKNN;71.54687464779208;74.28918994056608;74.4775901840122;74.47103817746019;74.83795054437255;72.08741518833261;66.2291699539406;74.65115824748852;44.70041851693229
5;DIVERSE DENSITY;40.05671392827357;38.53211009174312;64.6009061605392;50.84116643749671;51.38831909474111;50.474193960432494;64.23566185034076;51.208138914560934;36.13131062672347
6;EM-DD;82.1045465816108;80.81853496532395;79.52745906874347;81.38385591596601;79.72750565411116;81.39207597923195;67.34995379032077;81.17886527060838;35.585826026193004
7;MILBOOST;36.202677112794746;36.204284234659575;36.204284234659575;36.204284234659575;36.204284234659575;36.204284234659575;36.02416471610053;36.02416471610053;7.500826446280992
