;EF;Original;Filtro_1;Filtro_2
0;MIL max;64.5;56.5;56.0
1;MIL min;58.5;53.25;53.5
2;MIL Extreme;59.0;54.333333333333336;54.333333333333336
3;BOW;58.5;53.5;55.0
4;CKNN;59.5;54.0;55.8
5;DIVERSE DENSITY;59.333333333333336;53.916666666666664;56.083333333333336
6;EM-DD;60.0;54.57142857142857;56.857142857142854
7;MILBOOST;58.75;54.0;56.0
