;EF;Original;Filtro_1;Filtro_2
0;MIL max;67.5;64.5;65.5
1;MIL min;64.5;60.0;59.75
2;MIL Extreme;65.83333333333333;62.0;61.5
3;BOW;65.875;62.0;62.0
4;CKNN;65.8;63.7;63.6
5;DIVERSE DENSITY;63.333333333333336;61.833333333333336;61.416666666666664
6;EM-DD;62.142857142857146;61.714285714285715;61.5
7;MILBOOST;60.625;60.25;60.0625
