;CVCF;Original;MIL max;MIL min;MIL Extreme;BOW;CKNN;DIVERSE DENSITY;EM-DD;MILBOOST
0;MIL max;92.50841750841751;92.14478114478115;85.02020202020202;93.6060606060606;82.11111111111111;91.59259259259258;89.59932659932659;81.02356902356902;19.340067340067343
1;MIL min;87.96296296296296;91.06734006734008;84.12794612794612;90.33333333333333;80.29292929292929;83.95959595959596;87.24915824915824;81.2053872053872;18.97643097643098
2;MIL Extreme;93.05723905723906;93.96969696969697;83.74747474747474;93.24242424242422;83.74747474747474;93.23905723905725;88.47811447811446;81.39057239057239;18.791245791245792
3;BOW;86.87205387205388;82.12794612794612;80.47811447811446;81.21212121212122;80.29629629629629;83.58922558922559;81.3973063973064;81.20538720538721;19.15824915824916
4;CKNN;71.53872053872054;82.12457912457913;81.3872053872054;83.76767676767676;82.48821548821549;75.37373737373738;82.85858585858587;81.38720538720538;24.26936026936027
5;DIVERSE DENSITY;66.67003367003367;34.12457912457912;33.27272727272727;48.84848484848485;80.11111111111111;64.11111111111111;32.47811447811448;81.39057239057239;19.15824915824916
6;EM-DD;81.20202020202021;78.86868686868686;87.40740740740742;89.62626262626262;85.95286195286194;80.47474747474747;83.59259259259258;81.56902356902357;18.7979797979798
7;MILBOOST;19.721128229545734;20.43842124953236;20.081396456143928;20.081396456143928;20.081396456143928;20.081396456143928;20.081396456143928;19.364103436157308;8.396694214876032
