;CVCF;Original;MIL max;MIL min;MIL Extreme;BOW;CKNN;DIVERSE DENSITY;EM-DD;MILBOOST
0;MIL max;72.94452347083926;63.37126600284495;69.70128022759602;71.29445234708393;71.29445234708393;67.08392603129445;73.42816500711237;69.24608819345661;77.15504978662872
1;MIL min;73.45661450924608;68.09388335704125;70.8108108108108;71.84921763869133;69.14651493598862;69.16073968705547;70.21337126600284;71.28022759601707;72.34708392603129
2;MIL Extreme;77.18349928876246;68.09388335704125;68.64864864864865;69.72972972972973;71.84921763869133;72.90184921763868;72.91607396870555;75.57610241820768;77.18349928876245
3;BOW;72.9018492176387;68.6344238975818;68.6344238975818;68.6344238975818;69.17496443812233;68.6628733997155;69.17496443812233;70.24182076813655;71.83499288762447
4;CKNN;65.97439544807966;68.06543385490754;68.12233285917497;70.73968705547652;68.64864864864865;59.50213371266003;70.7823613086771;70.8108108108108;73.99715504978664
5;DIVERSE DENSITY;81.86344238975818;68.09388335704125;68.62019914651493;69.6728307254623;70.19914651493598;76.01706970128022;71.80654338549076;73.39971550497866;74.99288762446658
6;EM-DD;75.53342816500711;67.56756756756756;68.09388335704125;69.14651493598862;69.6728307254623;69.6728307254623;70.75391180654339;73.41394025604552;75.53342816500711
7;MILBOOST;74.68627645388894;67.62942398863638;68.6393610800289;69.6492981714214;70.14791312987015;70.14791312987015;43.84533668953823;72.66640227110392;60.69735678629892
