;CVCF;Original;MIL max;MIL min;MIL Extreme;BOW;CKNN;DIVERSE DENSITY;EM-DD;MILBOOST
0;MIL max;97.77777777777779;78.45238095238096;88.25396825396825;77.77777777777779;57.777777777777786;97.77777777777779;20.0;40.0;2.2222222222222223
1;MIL min;85.75396825396825;56.269841269841265;68.29365079365078;72.73809523809524;72.73809523809524;74.96031746031746;62.53968253968253;27.619047619047613;35.198412698412696
2;MIL Extreme;97.77777777777779;79.0873015873016;86.03174603174604;70.47619047619047;70.47619047619047;90.47619047619047;57.777777777777786;40.0;2.2222222222222223
3;BOW;85.55555555555556;71.5873015873016;73.88888888888889;60.55555555555556;82.77777777777779;92.77777777777779;20.555555555555557;30.27777777777778;9.722222222222223
4;CKNN;81.34920634920636;85.75396825396825;93.33333333333333;100.0;97.14285714285714;86.42857142857142;100.0;100.0;12.38095238095238
5;DIVERSE DENSITY;95.27777777777779;79.0873015873016;86.03174603174604;73.33333333333333;73.33333333333334;93.33333333333333;37.77777777777778;40.0;4.722222222222222
6;EM-DD;93.33333333333333;81.30952380952382;91.11111111111111;57.777777777777786;31.111111111111107;97.77777777777779;20.0;20.0;6.666666666666666
7;MILBOOST;24.728206097253715;13.657407407407408;26.144179894179892;17.608024691358025;18.736772486772487;22.687389770723104;17.008377425044092;14.786155202821869;12.799193751574702
