;IPF;Original;MIL max;MIL min;MIL Extreme;BOW;CKNN;DIVERSE DENSITY;EM-DD;MILBOOST
0;MIL max;62.9749373433584;62.9749373433584;62.9749373433584;62.9749373433584;62.9749373433584;62.9749373433584;62.9749373433584;62.9749373433584;62.9749373433584
1;MIL min;66.53634085213032;66.53634085213032;66.53634085213032;66.53634085213032;66.53634085213032;66.53634085213032;66.53634085213032;66.53634085213032;66.53634085213032
2;MIL Extreme;73.4937343358396;73.4937343358396;73.4937343358396;73.4937343358396;73.4937343358396;73.4937343358396;73.4937343358396;73.4937343358396;73.4937343358396
3;BOW;58.007518796992485;62.774436090225564;58.86967418546366;62.11779448621553;61.017543859649116;60.9172932330827;62.86967418546366;62.92230576441102;59.71679197994987
4;CKNN;67.73182957393483;67.73182957393483;67.73182957393483;67.73182957393483;67.73182957393483;67.73182957393483;67.73182957393483;67.73182957393483;67.73182957393483
5;DIVERSE DENSITY;63.67919799498746;59.774436090225564;56.468671679197996;57.86967418546366;63.53634085213032;63.53634085213032;57.86967418546366;56.922305764411036;60.67919799498746
6;EM-DD;60.82205513784461;60.82205513784461;63.67919799498746;59.774436090225564;60.82205513784461;60.82205513784461;60.82205513784461;61.82205513784461;60.82205513784461
7;MILBOOST;39.38284432886728;39.38284432886728;39.38284432886728;39.38284432886728;39.38284432886728;39.38284432886728;39.38284432886728;39.38284432886728;39.38284432886728
