;IPF;Original;MIL max;MIL min;MIL Extreme;BOW;CKNN;DIVERSE DENSITY;EM-DD;MILBOOST
0;MIL max;71.69590643274853;61.81286549707602;62.982456140350884;62.982456140350884;58.71345029239767;64.03508771929823;60.8187134502924;65.14619883040935;61.92982456140351
1;MIL min;73.85964912280703;64.09356725146199;67.42690058479532;74.7953216374269;60.93567251461989;66.3157894736842;57.60233918128655;67.30994152046783;57.54385964912281
2;MIL Extreme;77.13450292397661;65.14619883040935;59.590643274853804;67.19298245614034;62.923976608187125;70.52631578947367;55.43859649122807;61.75438596491229;56.666666666666664
3;BOW;66.49122807017544;58.59649122807017;52.163742690058484;56.49122807017543;55.67251461988303;64.32748538011695;56.54970760233918;59.76608187134502;60.93567251461989
4;CKNN;74.91228070175438;69.53216374269006;64.03508771929823;67.19298245614034;58.71345029239767;73.9766081871345;69.47368421052632;71.69590643274853;66.19883040935672
5;DIVERSE DENSITY;57.71929824561404;57.777777777777786;53.333333333333336;54.44444444444444;54.3859649122807;56.432748538011694;58.771929824561404;61.92982456140351;52.16374269005847
6;EM-DD;67.13450292397661;67.19298245614036;62.105263157894726;61.05263157894738;59.82456140350877;68.47953216374269;56.49122807017543;69.53216374269007;52.10526315789474
7;MILBOOST;56.73027598235355;50.94182825484764;50.94182825484764;50.94182825484764;39.529085872576175;50.94182825484764;20.987654320987655;42.446222769399135;11.975308641975309
