;IPF;Original;MIL max;MIL min;MIL Extreme;BOW;CKNN;DIVERSE DENSITY;EM-DD;MILBOOST
0;MIL max;71.81286549707603;71.81286549707603;71.81286549707603;71.81286549707603;71.81286549707603;71.81286549707603;71.81286549707603;71.81286549707603;71.81286549707603
1;MIL min;70.64327485380117;70.64327485380117;70.64327485380117;70.64327485380117;70.64327485380117;70.64327485380117;70.64327485380117;70.64327485380117;70.64327485380117
2;MIL Extreme;74.97076023391813;74.97076023391813;74.97076023391813;74.97076023391813;74.97076023391813;74.97076023391813;74.97076023391813;74.97076023391813;74.97076023391813
3;BOW;58.88888888888889;56.549707602339176;68.59649122807018;60.877192982456144;66.49122807017544;60.99415204678362;64.21052631578947;65.43859649122807;57.83625730994153
4;CKNN;72.92397660818713;72.92397660818713;72.92397660818713;72.92397660818713;72.92397660818713;72.92397660818713;72.92397660818713;72.92397660818713;72.92397660818713
5;DIVERSE DENSITY;64.09356725146199;60.99415204678362;69.76608187134502;64.3859649122807;66.49122807017544;60.99415204678362;66.4327485380117;65.38011695906434;64.32748538011695
6;EM-DD;73.80116959064327;72.80701754385964;76.08187134502923;78.12865497076022;72.86549707602339;74.91228070175438;76.0233918128655;75.906432748538;73.91812865497074
7;MILBOOST;50.94182825484764;50.94182825484764;50.94182825484764;50.94182825484764;50.94182825484764;50.94182825484764;50.94182825484764;50.94182825484764;50.94182825484764
