;CVCF;Original;MIL max;MIL min;MIL Extreme;BOW;CKNN;DIVERSE DENSITY;EM-DD;MILBOOST
0;MIL max;73.74269005847952;73.80116959064328;69.53216374269006;72.69005847953215;77.01754385964912;74.91228070175438;67.19298245614034;74.97076023391813;53.21637426900585
1;MIL min;83.74269005847952;83.74269005847952;82.63157894736841;82.63157894736841;82.63157894736841;82.63157894736841;83.74269005847952;83.74269005847952;53.21637426900585
2;MIL Extreme;85.73099415204679;83.62573099415205;76.14035087719299;83.5672514619883;83.5672514619883;85.67251461988305;74.03508771929823;79.47368421052632;54.327485380116954
3;BOW;63.09941520467836;59.76608187134502;56.37426900584795;67.30994152046783;64.15204678362572;66.25730994152045;60.8187134502924;55.43859649122807;55.43859649122807
4;CKNN;91.2280701754386;86.90058479532163;88.01169590643273;91.2280701754386;89.00584795321637;89.00584795321637;85.84795321637426;90.17543859649122;67.54385964912281
5;DIVERSE DENSITY;72.7485380116959;73.9766081871345;78.30409356725147;73.91812865497074;74.91228070175438;72.7485380116959;74.15204678362574;75.08771929824562;54.26900584795321
6;EM-DD;83.62573099415204;84.7953216374269;75.96491228070175;83.6842105263158;83.62573099415204;80.35087719298247;85.84795321637426;84.79532163742691;52.16374269005847
7;MILBOOST;53.8589651516706;50.94182825484764;50.94182825484764;50.94182825484764;50.94182825484764;50.94182825484764;50.94182825484764;50.94182825484764;11.412742382271468
