;EF;Original;Filtro_1;Filtro_2
0;MIL max;71.46198830409358;65.02923976608187;66.14035087719297
1;MIL min;69.38596491228068;65.64327485380116;66.25730994152046
2;MIL Extreme;71.89083820662768;67.66081871345028;68.05068226120858
3;BOW;68.59649122807016;64.83918128654972;64.86842105263158
4;CKNN;69.21637426900584;66.60818713450293;66.21052631578948
5;DIVERSE DENSITY;67.8167641325536;66.17933723196882;64.41520467836257
6;EM-DD;69.30659983291561;66.49122807017544;66.22389306599833
7;MILBOOST;67.01100338565712;64.54755309325947;64.31363496460449
