;EF;Original;Filtro_1;Filtro_2
0;MIL max;69.0;61.5;68.5
1;MIL min;61.75;58.0;65.25
2;MIL Extreme;64.83333333333333;59.333333333333336;67.0
3;BOW;63.875;59.625;65.875
4;CKNN;64.7;61.0;67.5
5;DIVERSE DENSITY;64.41666666666667;60.916666666666664;67.66666666666667
6;EM-DD;65.0;62.642857142857146;68.28571428571429
7;MILBOOST;63.125;61.0625;66.0
