;IPF;Original;MIL max;MIL min;MIL Extreme;BOW;CKNN;DIVERSE DENSITY;EM-DD;MILBOOST
0;MIL max;76.0233918128655;69.47368421052632;66.3157894736842;70.52631578947367;74.91228070175438;73.85964912280701;53.15789473684212;61.87134502923976;60.8187134502924
1;MIL min;85.96491228070175;82.51461988304092;73.9766081871345;86.95906432748538;72.86549707602339;84.7953216374269;68.53801169590642;77.13450292397661;59.76608187134504
2;MIL Extreme;86.90058479532163;81.46198830409355;73.74269005847952;83.62573099415204;79.23976608187135;83.62573099415205;56.49122807017544;73.9766081871345;59.70760233918129
3;BOW;66.37426900584794;56.315789473684205;56.549707602339176;58.71345029239766;60.760233918128655;70.4093567251462;45.38011695906433;55.38011695906433;56.432748538011694
4;CKNN;85.7309941520468;82.39766081871343;85.78947368421053;83.50877192982458;75.84795321637428;83.56725146198832;67.2514619883041;81.40350877192984;67.30994152046783
5;DIVERSE DENSITY;76.08187134502923;68.59649122807016;68.18713450292397;80.4093567251462;65.2046783625731;74.03508771929823;59.649122807017534;67.30994152046785;57.60233918128655
6;EM-DD;82.57309941520467;71.75438596491229;74.91228070175438;80.35087719298247;76.19883040935672;80.35087719298245;56.432748538011694;62.923976608187125;56.60818713450293
7;MILBOOST;56.73027598235355;50.94182825484764;50.94182825484764;50.94182825484764;50.94182825484764;50.94182825484764;29.483259806436166;51.883656509695285;23.388051024246778
