MILBOOST;MIL-EF-CON;MIL-CVCF-CON;MIL-IPF-CON;MIL-EF-MAX;MIL-CVCF-MAX;MIL-IPF-MAX
Musk 1;74.59872268;50.94182825;50.94182825;73.30851801;47.3210133;44.93301358
Musk 2;65.79910867;39.38284433;39.38284433;66.15531168;35.21026674;39.38284433
Muta 1;67.25505808;65.62225698;65.62225698;67.27737784;63.56143605;65.62225698
Muta 2;75.94692854;35.41099773;35.41099773;76.76724104;6.775301556;35.41099773
Tiger;66.375;50;50;64.03125;45.059375;50
Fox;55.34375;50;50;55.1875;45.059375;50
Elephant;69.9375;50;50;69.625;45.059375;48.271875
BRCR;75.13178961;36.20428423;36.20428423;75.09962505;32.57132213;19.45
WIWR;80.75534979;20.43842125;20.43842125;80.05648616;18.40659527;9.45
