;EF;Original;Filtro_1;Filtro_2
0;MIL max;69.63659147869674;71.64160401002506;70.68922305764411
1;MIL min;70.14160401002506;69.61278195488721;71.66791979949875
2;MIL Extreme;72.24644945697577;72.57811194653299;71.2765246449457
3;BOW;66.99749373433583;69.58897243107768;69.12593984962406
4;CKNN;66.35388471177944;69.59849624060149;69.43859649122807
5;DIVERSE DENSITY;65.5906432748538;68.29448621553885;67.843776106934
6;EM-DD;66.13390619405656;67.6344432509846;66.97672753311849
7;MILBOOST;62.7900234609079;64.10299338571994;63.5274921325871
