;EF;Original;Filtro_1;Filtro_2
0;MIL max;83.75258661497193;81.02846967067151;82.83682347902531
1;MIL min;81.19871664825794;77.3654622094989;79.82422288844307
2;MIL Extreme;82.47814119373751;79.07189925538549;81.61965802332776
3;BOW;82.80046810780756;78.73992591423783;81.78715370917207
4;CKNN;79.63266385651707;77.59026516090736;79.9163056300671
5;DIVERSE DENSITY;74.90378368360021;68.90132918573286;73.20305960672933
6;EM-DD;73.66524227074684;70.65667120712993;73.87466389301251
7;MILBOOST;68.98262251623595;66.35012283557111;69.1658664357184
