;IPF;Original;MIL max;MIL min;MIL Extreme;BOW;CKNN;DIVERSE DENSITY;EM-DD;MILBOOST
0;MIL max;69.48872180451127;69.48872180451127;69.48872180451127;69.48872180451127;69.48872180451127;69.48872180451127;69.48872180451127;69.48872180451127;69.48872180451127
1;MIL min;73.75187969924812;73.75187969924812;73.75187969924812;73.75187969924812;73.75187969924812;73.75187969924812;73.75187969924812;73.75187969924812;73.75187969924812
2;MIL Extreme;81.41353383458646;81.41353383458646;81.41353383458646;81.41353383458646;81.41353383458646;81.41353383458646;81.41353383458646;81.41353383458646;81.41353383458646
3;BOW;68.54636591478696;64.53634085213032;66.54135338345864;63.73182957393483;67.38847117794487;64.58897243107769;67.39348370927317;68.54636591478696;69.44611528822055
4;CKNN;77.59899749373433;77.59899749373433;77.59899749373433;77.59899749373433;77.59899749373433;77.59899749373433;77.59899749373433;77.59899749373433;77.59899749373433
5;DIVERSE DENSITY;60.82205513784461;59.721804511278194;59.669172932330824;62.72681704260651;59.769423558897245;61.774436090225564;58.817042606516296;59.769423558897245;61.774436090225564
6;EM-DD;69.68922305764411;72.79448621553885;71.84210526315789;70.94235588972431;70.88972431077694;72.89473684210526;69.83709273182959;75.6516290726817;74.6516290726817
7;MILBOOST;39.38284432886728;39.38284432886728;39.38284432886728;39.38284432886728;39.38284432886728;39.38284432886728;39.38284432886728;39.38284432886728;39.38284432886728
