;EF;Original;Filtro_1;Filtro_2
0;MIL max;67.5533428165007;67.02702702702702;67.02702702702702
1;MIL min;68.37837837837837;69.16785206258889;67.30440967283074
2;MIL Extreme;68.64864864864863;68.62968231389283;66.68563300142249
3;BOW;69.69416785206258;68.22901849217638;66.6394025604552
4;CKNN;69.26315789473684;69.05263157894737;67.46799431009957
5;DIVERSE DENSITY;69.95258416311049;68.80512091038408;67.39449976292082
6;EM-DD;69.30908351960983;68.4759195285511;67.2668156878683
7;MILBOOST;68.8482302022019;68.11921171002551;67.06124584942808
