;CVCF;Original;BOW
0;MIL Extreme;64.05217561180864;64.05217561180864
