;IPF;Original;MIL max
0;MIL max;74.97076023391813;74.97076023391813
