;IPF;Original;MIL max
0;MIL max;68.6344238975818;68.6344238975818
