;CVCF;Original;MIL min
0;MIL max;65.88657214345287;65.88657214345287
