;IPF;Original;EM-DD
0;MIL max;64.05217561180864;64.05217561180864
