MIL min;MIL-EF-CON;MIL-CVCF-CON;MIL-IPF-CON;MIL-EF-MAX;MIL-CVCF-MAX;MIL-IPF-MAX
Musk 1;78.12865497;85.84795322;84.61988304;76.49122807;74.63450292;75.81871345
Musk 2;70.28884712;73.55137845;75.74185464;70.11528822;66.25062657;75.20300752
Muta 1;66.63584637;68.07965861;69.67283073;67.02702703;70.22226174;69.14651494
Muta 2;81.30952381;69.28571429;69.28571429;81.30952381;55.1984127;69.28571429
Tiger;74.5;74.5;77;69.625;65.8125;75.5
Fox;55.625;53;53.5625;54;51.5;56
Elephant;70.375;67.625;73.5;69.625;63.375;58
BRCR;83.81082584;82.31138561;84.82609757;84.25394285;74.48651842;39.45
WIWR;94.12373737;93.42424242;93.25252525;91.01767677;81.38762626;39.45
