;EF;Original;Filtro_1;Filtro_2
0;MIL max;66.00284495021337;66.50071123755335;66.50071123755335
1;MIL min;67.8520625889047;67.82361308677099;66.50071123755336
2;MIL Extreme;68.28354670459933;67.3779042200095;66.50071123755336
3;BOW;67.97297297297298;67.15860597439546;66.50071123755336
4;CKNN;69.79800853485064;67.76386913229018;68.19914651493599
5;DIVERSE DENSITY;69.86723565670935;67.55334281650072;67.91607396870556
6;EM-DD;69.46149156675473;67.40296687665108;67.71387929282666
7;MILBOOST;68.98158724345367;67.180378139613;67.45242650376663
