;EF;Original;Filtro_1;Filtro_2
0;MIL max;74.44611528822055;66.531328320802;72.59398496240601
1;MIL min;76.47493734335839;69.48872180451129;76.0250626566416
2;MIL Extreme;79.08939014202171;72.14452798663325;78.7894736842105
3;BOW;74.78320802005013;72.49498746867168;74.7844611528822
4;CKNN;74.73684210526316;73.13684210526316;74.95789473684209
5;DIVERSE DENSITY;72.57644110275689;71.25981620718463;72.41144527986631
6;EM-DD;73.28786251342643;71.16541353383458;72.45255997135696
7;MILBOOST;69.04973524035653;67.19259238321368;68.31884551604576
