MILBOOST;MIL-EF-CON;MIL-CVCF-CON;MIL-IPF-CON;MIL-EF-MAX;MIL-CVCF-MAX;MIL-IPF-MAX
Musk 1;68.94813789;50.94182825;50.94182825;69.81436596;44.57409972;50.94182825
Musk 2;66.33544953;39.38284433;39.38284433;64.30944702;35.16664979;39.38284433
Muta 1;67.02835111;65.62225698;65.62225698;68.69727686;64.32683085;65.62225698
Muta 2;76.67271943;35.41099773;35.41099773;79.29180642;10.40928524;35.41099773
Tiger;63.71875;50;50;62.625;46.4875;50
Fox;54.625;50;50;54.46875;44.64375;50
Elephant;65.90625;50;50;67.09375;48.9875;45.890625
BRCR;72.00950772;36.20428423;36.20428423;72.51646735;34.46341876;19.25
WIWR;79.8245838;20.43842125;20.43842125;77.50913767;19.2999837;9.25
