MIL max;MIL-EF-CON;MIL-CVCF-CON;MIL-IPF-CON;MIL-EF-MAX;MIL-CVCF-MAX;MIL-IPF-MAX
Musk 1;75;68.30409357;62.04678363;65.38011696;65.7748538;61.60087719
Musk 2;64.97744361;66.47368421;69.44110276;61.59774436;57.62218045;67.53634085
Muta 1;65.9601707;66.50071124;67.55334282;67.29018492;69.71194879;65.41963016
Muta 2;82.42063492;64.28571429;69.28571429;77.42063492;64.49404762;62.61904762
Tiger;69.75;67.5;69.75;65;59.5;68
Fox;57.25;63;58;56.25;55.3125;59
Elephant;70;74;78;67.5;65.25;73.5
BRCR;82.56585443;84.85526227;49.55;83.20220304;75.41243829;39.15
WIWR;92.52188552;96.17508418;49.55;87.22222222;80.90319865;39.15
