;CVCF;Original;MIL max;MIL min;MIL Extreme;BOW;CKNN;DIVERSE DENSITY;EM-DD;MILBOOST
0;MIL max;83.76587095853151;83.76587095853151;83.76587095853151;83.76587095853151;83.76587095853151;83.76587095853151;83.76587095853151;83.76587095853151;83.76587095853151
1;MIL min;77.93904830602078;77.93904830602078;77.93904830602078;77.93904830602078;77.93904830602078;77.93904830602078;77.93904830602078;77.93904830602078;77.93904830602078
2;MIL Extreme;84.121257203826;84.121257203826;84.121257203826;84.121257203826;84.121257203826;84.121257203826;84.121257203826;84.121257203826;84.121257203826
3;BOW;83.76590101360743;84.31466161741392;85.75774106049336;85.5858711088069;83.74934066677186;84.48822968089023;85.21886857666675;85.03374433649664;84.29646326894034
4;CKNN;70.09736341846434;70.09736341846434;70.09736341846434;70.09736341846434;70.09736341846434;70.09736341846434;70.09736341846434;70.09736341846434;70.09736341846434
5;DIVERSE DENSITY;51.141416646003805;25.82031572857261;0.0;25.456649309860317;53.009940716362735;65.50505300964016;38.48086618728821;26.961506961506963;36.47904785519465
6;EM-DD;76.46284816927019;78.3390813666043;79.74415616617452;78.10928025606924;79.20197762399597;80.84012953737724;77.73244971410108;78.66143708345543;78.81841474502025
7;MILBOOST;36.204284234659575;36.204284234659575;36.204284234659575;36.204284234659575;36.204284234659575;36.204284234659575;36.204284234659575;36.204284234659575;36.204284234659575
