;CVCF;Original;MIL max;MIL min;MIL Extreme;BOW;CKNN;DIVERSE DENSITY;EM-DD;MILBOOST
0;MIL max;95.44444444444444;95.44444444444444;95.44444444444444;95.44444444444444;95.44444444444444;95.44444444444444;95.44444444444444;95.44444444444444;95.44444444444444
1;MIL min;91.05723905723906;91.05723905723906;91.05723905723906;91.05723905723906;91.05723905723906;91.05723905723906;91.05723905723906;91.05723905723906;91.05723905723906
2;MIL Extreme;95.43434343434343;95.43434343434343;95.43434343434343;95.43434343434343;95.43434343434343;95.43434343434343;95.43434343434343;95.43434343434343;95.43434343434343
3;BOW;83.04040404040404;83.59259259259258;83.59259259259258;83.41077441077441;83.95286195286194;83.22895622895624;83.4006734006734;83.59259259259258;83.95622895622895
4;CKNN;78.85521885521887;78.85521885521887;78.85521885521887;78.85521885521887;78.85521885521887;78.85521885521887;78.85521885521887;78.85521885521887;78.85521885521887
5;DIVERSE DENSITY;33.77777777777778;34.292929292929294;0.0;33.407407407407405;16.0;34.18181818181818;17.77777777777778;35.45454545454545;17.59259259259259
6;EM-DD;64.11111111111111;80.11111111111111;65.56565656565655;80.11111111111111;80.11111111111111;81.74747474747474;82.29292929292929;65.74747474747474;64.9090909090909
7;MILBOOST;20.43842124953236;20.43842124953236;20.43842124953236;20.43842124953236;20.43842124953236;20.43842124953236;20.43842124953236;20.43842124953236;20.43842124953236
