CKNN;MIL-EF-CON;MIL-CVCF-CON;MIL-IPF-CON;MIL-EF-MAX;MIL-CVCF-MAX;MIL-IPF-MAX
Musk 1;69.85380117;73.85964912;72.92397661;66.40935673;68.34795322;68.47953216
Musk 2;69.51854637;70.39348371;70.58897243;66.2962406;64.07048872;62.86685464
Muta 1;65.75248933;63.54196302;71.45803698;68.57467994;71.90433855;69.02560455
Muta 2;78.55952381;72.06349206;66.15079365;79.54365079;81.51785714;55.99206349
Tiger;63.9;67;68;66.3;62.5;62.5
Fox;53.15;57;55.5;56.5;56.625;51.6875
Elephant;66.1;65;66.5;64.25;64.375;71.5
BRCR;78.7532854;67.14159698;49.45;76.61356536;66.65023781;39.05
WIWR;85.84511785;76.42760943;49.45;85.16363636;75.46296296;39.05
