DIVERSE DENSITY;MIL-EF-CON;MIL-CVCF-CON;MIL-IPF-CON;MIL-EF-MAX;MIL-CVCF-MAX;MIL-IPF-MAX
Musk 1;72.11500975;71.25;66.28654971;65.54580897;63.52339181;57.84356725
Musk 2;66.28153718;55.86591479;61.66729323;63.57059315;58.19110276;61.10682957
Muta 1;67.34471313;70.93349929;74.75284495;67.82361309;72.1497155;72.04836415
Muta 2;82.42063492;69.28571429;69.28571429;79.51058201;59.04761905;69.28571429
Tiger;82.42063492;68.35813492;70.35714286;61.625;49.9375;51.6875
Fox;55.375;51.6875;54.0625;55;51.875;50.125
Elephant;65.70833333;62.5625;62.5625;66.54166667;60;61.125
BRCR;76.29934856;35.65751677;29.55;78.30049691;51.16499861;19.15
WIWR;76.79264871;27.1780303;19.55;84;51.83164983;9.15
