;EF;Original;Filtro_1;Filtro_2
0;MIL max;79.5;72.5;76.5
1;MIL min;75.75;74.75;68.25
2;MIL Extreme;77.33333333333333;74.83333333333333;71.33333333333333
3;BOW;76.625;75.5;71.25
4;CKNN;76.5;75.3;72.2
5;DIVERSE DENSITY;75.58333333333333;74.5;70.58333333333333
6;EM-DD;75.85714285714286;75.14285714285714;71.5
7;MILBOOST;72.625;72.0;68.8125
