;EF;Original;Filtro_1;Filtro_2
0;MIL max;87.03874850663843;85.57756088031317;85.39407464178106
1;MIL min;85.30475846989609;84.48325556582435;84.02786105538398
2;MIL Extreme;85.81883301149355;84.90585998842879;84.78354584776602
3;BOW;85.758090450751;85.16761340155837;84.84651248412716
4;CKNN;83.64185770424302;83.27922217463501;83.05672745305773
5;DIVERSE DENSITY;81.58883403837532;80.49513483458436;80.37859878226851
6;EM-DD;81.27524975231397;80.779364614227;80.36707766982998
7;MILBOOST;75.64137906260717;75.20747956678107;74.84672849043366
