;EF;Original;Filtro_1;Filtro_2
0;MIL max;81.6374269005848;72.92397660818713;78.42105263157896
1;MIL min;83.18713450292398;77.2514619883041;80.00000000000001
2;MIL Extreme;84.50292397660819;79.78557504873295;80.54580896686161
3;BOW;80.17543859649123;76.09649122807016;74.79532163742691
4;CKNN;81.74269005847952;78.05847953216374;77.23976608187135
5;DIVERSE DENSITY;80.9551656920078;77.35867446393762;77.05653021442497
6;EM-DD;81.81286549707602;78.1203007518797;78.01169590643273
7;MILBOOST;77.95398584179748;74.72299168975069;74.62796244998461
