EM-DD;MIL-EF-CON;MIL-CVCF-CON;MIL-IPF-CON;MIL-EF-MAX;MIL-CVCF-MAX;MIL-IPF-MAX
Musk 1;72.52715121;79.79532164;80.94298246;67.45196324;68.78654971;65.01461988
Musk 2;66.38453276;67.06516291;67.45363409;63.85034014;60.90789474;67.33740602
Muta 1;67.22414143;67.62091038;60.17069701;67.74740906;70.36984353;66.56650071
Muta 2;82.42063492;68.35813492;70.35714286;79.72789116;58.35813492;70.47619048
Tiger;63.60714286;54.1875;55.25;61.60714286;60.5;56.9375
Fox;55.35714286;57.0625;55.0625;55.71428571;55.3125;55.5625
Elephant;66.03571429;68.3125;70.5;67.14285714;62.4375;71.125
BRCR;76.62240091;68.26951701;49.55;78.69093292;72.18718677;39.15
WIWR;78.06156806;78.11111111;49.55;84.22631073;75.10143098;39.15
