MIL max;MIL-EF-CON;MIL-CVCF-CON;MIL-IPF-CON;MIL-EF-MAX;MIL-CVCF-MAX;MIL-IPF-MAX
Musk 1;75;72.98245614;71.92982456;71.87134503;70.4751462;75.0877193
Musk 2;64.97744361;72.34586466;70.63659148;69.52005013;62.38032581;64.77944862
Muta 1;65.9601707;69.14651494;67.55334282;68.62019915;70.34139403;65.41963016
Muta 2;82.42063492;69.28571429;69.28571429;82.42063492;62.06349206;69.28571429
Tiger;69.75;70;65;65.5;63.5625;72
Fox;57.25;63.5;61.5;56;54.5625;59.5
Elephant;70;77;75.5;69.5;65.5625;62.875
BRCR;82.56585443;83.76587096;84.84355582;83.01783769;75.91779185;39.25
WIWR;92.52188552;95.44444444;96.16835017;88.86868687;83.17845118;39.25
