;CVCF;Original;MIL max;MIL min;MIL Extreme;BOW;CKNN;DIVERSE DENSITY;EM-DD;MILBOOST
0;MIL max;68.12233285917497;68.12233285917497;68.12233285917497;68.12233285917497;68.12233285917497;68.12233285917497;68.12233285917497;68.12233285917497;68.12233285917497
1;MIL min;68.07965860597439;68.07965860597439;68.07965860597439;68.07965860597439;68.07965860597439;68.07965860597439;68.07965860597439;68.07965860597439;68.07965860597439
2;MIL Extreme;69.71550497866288;69.71550497866288;69.71550497866288;69.71550497866288;69.71550497866288;69.71550497866288;69.71550497866288;69.71550497866288;69.71550497866288
3;BOW;69.16073968705548;68.62019914651493;68.0796586059744;70.22759601706971;68.0796586059744;69.6728307254623;69.14651493598862;69.6728307254623;69.68705547652915
4;CKNN;77.69559032716927;74.50924608819346;75.049786628734;76.11664295874823;76.6429587482219;74.4950213371266;77.1692745376956;74.50924608819346;75.06401137980086
5;DIVERSE DENSITY;75.00711237553342;70.73968705547654;70.71123755334281;73.39971550497866;72.34708392603129;74.45234708392603;72.84495021337126;71.79231863442389;72.84495021337126
6;EM-DD;66.50071123755335;67.58179231863443;66.50071123755335;67.5533428165007;67.5533428165007;67.5533428165007;66.50071123755335;66.50071123755335;66.50071123755335
7;MILBOOST;65.62225698034638;65.62225698034638;65.62225698034638;65.62225698034638;65.62225698034638;65.62225698034638;65.62225698034638;65.62225698034638;65.62225698034638
