;CVCF;Original;MIL max;MIL min;MIL Extreme;BOW;CKNN;DIVERSE DENSITY;EM-DD;MILBOOST
0;MIL max;64.73182957393483;64.73182957393483;64.73182957393483;64.73182957393483;64.73182957393483;64.73182957393483;64.73182957393483;64.73182957393483;64.73182957393483
1;MIL min;73.5513784461153;73.5513784461153;73.5513784461153;73.5513784461153;73.5513784461153;73.5513784461153;73.5513784461153;73.5513784461153;73.5513784461153
2;MIL Extreme;82.31328320802007;82.31328320802007;82.31328320802007;82.31328320802007;82.31328320802007;82.31328320802007;82.31328320802007;82.31328320802007;82.31328320802007
3;BOW;65.7844611528822;65.88471177944862;67.63659147869674;62.578947368421055;65.7844611528822;65.77944862155388;67.68922305764411;71.49874686716791;64.83208020050124
4;CKNN;82.47117794486216;82.47117794486216;82.47117794486216;82.47117794486216;82.47117794486216;82.47117794486216;82.47117794486216;82.47117794486216;82.47117794486216
5;DIVERSE DENSITY;61.72681704260651;59.86967418546366;61.774436090225564;59.86967418546366;61.72681704260651;61.67919799498746;60.72681704260651;61.72681704260651;61.774436090225564
6;EM-DD;76.50375939849623;73.59899749373433;73.44611528822055;77.40852130325814;75.50375939849623;75.50375939849623;76.45614035087719;74.45112781954887;76.45614035087719
7;MILBOOST;39.38284432886728;39.38284432886728;39.38284432886728;39.38284432886728;39.38284432886728;39.38284432886728;39.38284432886728;39.38284432886728;39.38284432886728
