;EF;Original;Filtro_1;Filtro_2
0;MIL max;87.03871845156249;85.57907866164746;85.22214457994275
1;MIL min;85.48327059336233;83.93522379760911;83.03279008783596
2;MIL Extreme;86.3665216509253;84.72727773645205;83.88378703975035
3;BOW;85.9411671888736;84.9844690395149;83.44023548151988
4;CKNN;83.67920414158947;83.20179428803281;81.7492024134226
5;DIVERSE DENSITY;81.10364743392269;80.5253426904803;79.28454643133541
6;EM-DD;80.31012544774013;80.72165886844786;79.58232031626528
7;MILBOOST;74.79689529610506;75.15698703922433;74.16006580606457
