;CVCF;Original;MIL max;MIL min;MIL Extreme;BOW;CKNN;DIVERSE DENSITY;EM-DD;MILBOOST
0;MIL max;95.7979797979798;95.7979797979798;95.7979797979798;95.7979797979798;95.7979797979798;95.7979797979798;95.7979797979798;95.7979797979798;95.7979797979798
1;MIL min;93.42424242424242;93.42424242424242;93.42424242424242;93.42424242424242;93.42424242424242;93.42424242424242;93.42424242424242;93.42424242424242;93.42424242424242
2;MIL Extreme;96.34680134680134;96.34680134680134;96.34680134680134;96.34680134680134;96.34680134680134;96.34680134680134;96.34680134680134;96.34680134680134;96.34680134680134
3;BOW;83.02356902356902;83.20538720538721;83.20538720538721;83.93265993265993;82.65993265993265;83.75420875420875;82.84175084175084;83.20538720538721;82.47811447811446
4;CKNN;82.66329966329965;82.66329966329965;82.66329966329965;82.66329966329965;82.66329966329965;82.66329966329965;82.66329966329965;82.66329966329965;82.66329966329965
5;DIVERSE DENSITY;48.11111111111111;51.636363636363626;32.0;36.0;33.090909090909086;69.21885521885523;17.454545454545453;17.037037037037038;16.0
6;EM-DD;70.54545454545455;92.70033670033669;87.97979797979797;91.04040404040404;90.15151515151516;90.85521885521887;89.94276094276094;91.05723905723906;73.24915824915826
7;MILBOOST;20.43842124953236;20.43842124953236;20.43842124953236;20.43842124953236;20.43842124953236;20.43842124953236;20.43842124953236;20.43842124953236;20.43842124953236
