;CVCF;Original;MIL max;MIL min;MIL Extreme;BOW;CKNN;DIVERSE DENSITY;EM-DD;MILBOOST
0;MIL max;78.42105263157895;78.42105263157895;78.42105263157895;78.42105263157895;78.42105263157895;78.42105263157895;78.42105263157895;78.42105263157895;78.42105263157895
1;MIL min;85.84795321637425;85.84795321637425;85.84795321637425;85.84795321637425;85.84795321637425;85.84795321637425;85.84795321637425;85.84795321637425;85.84795321637425
2;MIL Extreme;87.13450292397661;87.13450292397661;87.13450292397661;87.13450292397661;87.13450292397661;87.13450292397661;87.13450292397661;87.13450292397661;87.13450292397661
3;BOW;68.42105263157893;66.08187134502924;62.98245614035087;67.42690058479532;74.15204678362574;70.46783625730994;58.71345029239767;67.30994152046783;59.473684210526315
4;CKNN;85.90643274853801;85.90643274853801;85.90643274853801;85.90643274853801;85.90643274853801;85.90643274853801;85.90643274853801;85.90643274853801;85.90643274853801
5;DIVERSE DENSITY;71.46198830409357;72.57309941520468;78.07017543859648;77.13450292397661;73.91812865497074;74.91228070175438;65.02923976608187;78.24561403508773;76.25730994152046
6;EM-DD;82.57309941520468;87.01754385964912;84.85380116959064;85.84795321637425;86.95906432748538;83.80116959064328;82.63157894736841;83.74269005847952;84.85380116959064
7;MILBOOST;50.94182825484764;50.94182825484764;50.94182825484764;50.94182825484764;50.94182825484764;50.94182825484764;50.94182825484764;50.94182825484764;50.94182825484764
