MIL min;MIL-EF-CON;MIL-CVCF-CON;MIL-IPF-CON;MIL-EF-MAX;MIL-CVCF-MAX;MIL-IPF-MAX
Musk 1;74.73684211;74.85380117;76.02339181;67.00292398;65.16812865;63.3625731
Musk 2;66.68546366;68.88972431;76.30827068;65.27882206;59.96867168;66.77944862
Muta 1;67.01991465;70.24182077;69.72972973;67.29018492;71.21621622;69.67283073
Muta 2;82.42063492;69.28571429;69.28571429;78.67063492;50;61.42857143
Tiger;68.75;63;61;59.875;58.9375;67.1875
Fox;54.75;51.5;51;53.375;51.25;49.5
Elephant;63.375;59;59;61.75;55.25;58
BRCR;79.604911;80.84510365;49.55;81.15414121;71.4615295;39.15
WIWR;89.00252525;90.88888889;49.55;85.99074074;77.35227273;39.15
