;CVCF;Original;MIL max;MIL min;MIL Extreme;BOW;CKNN;DIVERSE DENSITY;EM-DD;MILBOOST
0;MIL max;68.78947368421052;68.78947368421052;68.78947368421052;68.78947368421052;68.78947368421052;68.78947368421052;68.78947368421052;68.78947368421052;68.78947368421052
1;MIL min;68.63659147869673;68.63659147869673;68.63659147869673;68.63659147869673;68.63659147869673;68.63659147869673;68.63659147869673;68.63659147869673;68.63659147869673
2;MIL Extreme;79.56140350877192;79.56140350877192;79.56140350877192;79.56140350877192;79.56140350877192;79.56140350877192;79.56140350877192;79.56140350877192;79.56140350877192
3;BOW;56.859649122807014;61.67418546365915;68.6892230576441;57.86466165413534;61.62155388471179;63.67418546365915;60.86967418546366;65.73182957393485;72.50375939849623
4;CKNN;78.55639097744361;78.55639097744361;78.55639097744361;78.55639097744361;78.55639097744361;78.55639097744361;78.55639097744361;78.55639097744361;78.55639097744361
5;DIVERSE DENSITY;59.774436090225564;60.82205513784461;57.774436090225564;56.774436090225564;58.72681704260651;60.82205513784461;62.82706766917293;62.67919799498746;60.58395989974937
6;EM-DD;69.48872180451127;75.15538847117794;71.3984962406015;69.39348370927318;74.25062656641603;74.35087719298247;73.25062656641603;70.29323308270676;73.35087719298247
7;MILBOOST;39.38284432886728;39.38284432886728;39.38284432886728;39.38284432886728;39.38284432886728;39.38284432886728;39.38284432886728;39.38284432886728;39.38284432886728
