DIVERSE DENSITY;MIL-EF-CON;MIL-CVCF-CON;MIL-IPF-CON;MIL-EF-MAX;MIL-CVCF-MAX;MIL-IPF-MAX
Musk 1;60.24366472;54.42982456;59.72953216;60.10721248;55.40204678;56.15497076
Musk 2;60.01670844;53.1343985;60.56547619;59.84482038;54.45112782;59.5820802
Muta 1;68.09981034;70.15291607;74.75284495;62.51422475;71.6002845;72.04836415
Muta 2;67.96626984;69.28571429;69.28571429;80.99206349;60.95238095;66.16071429
Tiger;56.20833333;53.1875;54.4375;59.54166667;50.9375;54.1875
Fox;52.83333333;52.9375;49.5;52.16666667;52.75;50.9375
Elephant;64.16666667;60.3125;61.8125;62;55.5625;55.1875
BRCR;67.55580601;27.612143;29.35;61.95645395;49.15208056;18.95
WIWR;72.06313131;39.14309764;19.35;79.50392817;49.18686869;8.95
