;CVCF;Original;MIL max;MIL min;MIL Extreme;BOW;CKNN;DIVERSE DENSITY;EM-DD;MILBOOST
0;MIL max;64.28571428571428;64.28571428571428;64.28571428571428;64.28571428571428;64.28571428571428;64.28571428571428;64.28571428571428;64.28571428571428;64.28571428571428
1;MIL min;69.28571428571429;69.28571428571429;69.28571428571429;69.28571428571429;69.28571428571429;69.28571428571429;69.28571428571429;69.28571428571429;69.28571428571429
2;MIL Extreme;69.28571428571429;69.28571428571429;69.28571428571429;69.28571428571429;69.28571428571429;69.28571428571429;69.28571428571429;69.28571428571429;69.28571428571429
3;BOW;68.65079365079364;68.65079365079364;68.65079365079364;71.5079365079365;71.5079365079365;68.65079365079364;68.65079365079364;70.87301587301586;65.79365079365078
4;CKNN;59.04761904761904;61.269841269841265;63.49206349206348;63.49206349206348;59.04761904761904;59.04761904761904;61.269841269841265;59.04761904761904;63.49206349206348
5;DIVERSE DENSITY;69.28571428571429;69.28571428571429;69.28571428571429;69.28571428571429;69.28571428571429;69.28571428571429;69.28571428571429;69.28571428571429;69.28571428571429
6;EM-DD;69.28571428571429;64.28571428571428;64.28571428571428;69.28571428571429;66.78571428571429;69.28571428571429;72.14285714285714;69.28571428571429;71.5079365079365
7;MILBOOST;35.4109977324263;35.4109977324263;35.4109977324263;35.4109977324263;35.4109977324263;35.4109977324263;35.4109977324263;35.4109977324263;35.4109977324263
