;IPF;Original;MIL max;MIL min;MIL Extreme;BOW;CKNN;DIVERSE DENSITY;EM-DD;MILBOOST
0;MIL max;69.28571428571429;69.28571428571429;69.28571428571429;69.28571428571429;69.28571428571429;69.28571428571429;69.28571428571429;69.28571428571429;69.28571428571429
1;MIL min;69.28571428571429;69.28571428571429;69.28571428571429;69.28571428571429;69.28571428571429;69.28571428571429;69.28571428571429;69.28571428571429;69.28571428571429
2;MIL Extreme;69.28571428571429;69.28571428571429;69.28571428571429;69.28571428571429;69.28571428571429;69.28571428571429;69.28571428571429;69.28571428571429;69.28571428571429
3;BOW;81.5873015873016;76.5079365079365;76.5079365079365;74.0079365079365;78.73015873015872;76.58730158730158;78.80952380952382;81.5873015873016;78.73015873015872
4;CKNN;75.5952380952381;75.5952380952381;75.5952380952381;75.5952380952381;73.37301587301587;75.5952380952381;75.5952380952381;75.5952380952381;73.37301587301587
5;DIVERSE DENSITY;69.28571428571429;69.28571428571429;69.28571428571429;69.28571428571429;69.28571428571429;69.28571428571429;69.28571428571429;69.28571428571429;69.28571428571429
6;EM-DD;69.28571428571429;69.28571428571429;69.28571428571429;69.28571428571429;69.28571428571429;69.28571428571429;69.28571428571429;69.28571428571429;69.28571428571429
7;MILBOOST;35.4109977324263;35.4109977324263;35.4109977324263;35.4109977324263;35.4109977324263;35.4109977324263;35.4109977324263;35.4109977324263;35.4109977324263
