;IPF;Original;MIL max;MIL min;MIL Extreme;BOW;CKNN;DIVERSE DENSITY;EM-DD;MILBOOST
0;MIL max;66.50071123755335;66.50071123755335;66.50071123755335;66.50071123755335;66.50071123755335;66.50071123755335;66.50071123755335;66.50071123755335;66.50071123755335
1;MIL min;65.4054054054054;65.4054054054054;65.4054054054054;65.4054054054054;65.4054054054054;65.4054054054054;65.4054054054054;65.4054054054054;65.4054054054054
2;MIL Extreme;68.64864864864865;68.64864864864865;68.64864864864865;68.64864864864865;68.64864864864865;68.64864864864865;68.64864864864865;68.64864864864865;68.64864864864865
3;BOW;67.02702702702702;68.09388335704125;68.09388335704125;67.56756756756756;68.09388335704125;68.09388335704125;67.5533428165007;67.5533428165007;68.09388335704125
4;CKNN;73.89758179231863;69.1891891891892;70.24182076813656;74.40967283072546;74.48079658605975;76.0597439544808;72.84495021337126;69.6443812233286;68.57752489331438
5;DIVERSE DENSITY;73.96870554765292;75.049786628734;75.57610241820768;74.52347083926031;73.95448079658607;73.96870554765292;76.60028449502134;73.95448079658607;75.02133712660029
6;EM-DD;66.50071123755335;67.58179231863443;66.50071123755335;66.50071123755335;66.50071123755335;52.98719772403983;66.50071123755335;66.50071123755335;69.13229018492176
7;MILBOOST;65.62225698034638;65.62225698034638;65.62225698034638;65.62225698034638;65.62225698034638;65.62225698034638;65.62225698034638;65.62225698034638;65.62225698034638
