;IPF;Original;MIL max;MIL min;MIL Extreme;BOW;CKNN;DIVERSE DENSITY;EM-DD;MILBOOST
0;MIL max;71.57894736842104;71.57894736842104;71.57894736842104;71.57894736842104;71.57894736842104;71.57894736842104;71.57894736842104;71.57894736842104;71.57894736842104
1;MIL min;81.52046783625731;81.52046783625731;81.52046783625731;81.52046783625731;81.52046783625731;81.52046783625731;81.52046783625731;81.52046783625731;81.52046783625731
2;MIL Extreme;85.78947368421052;85.78947368421052;85.78947368421052;85.78947368421052;85.78947368421052;85.78947368421052;85.78947368421052;85.78947368421052;85.78947368421052
3;BOW;60.99415204678362;64.09356725146199;59.76608187134502;64.09356725146199;60.93567251461989;60.818713450292385;62.10526315789474;61.05263157894736;63.040935672514614
4;CKNN;83.45029239766083;83.45029239766083;83.45029239766083;83.45029239766083;83.45029239766083;83.45029239766083;83.45029239766083;83.45029239766083;83.45029239766083
5;DIVERSE DENSITY;67.54385964912282;76.25730994152048;77.2514619883041;67.54385964912281;71.81286549707603;70.7017543859649;67.54385964912281;68.65497076023391;78.42105263157895
6;EM-DD;79.41520467836258;81.46198830409358;80.46783625730993;81.46198830409358;79.2982456140351;77.19298245614036;84.79532163742691;82.57309941520468;81.46198830409358
7;MILBOOST;50.94182825484764;50.94182825484764;50.94182825484764;50.94182825484764;50.94182825484764;50.94182825484764;50.94182825484764;50.94182825484764;50.94182825484764
