;CVCF;Original;MIL max;MIL min;MIL Extreme;BOW;CKNN;DIVERSE DENSITY;EM-DD;MILBOOST
0;MIL max;73.45112781954887;71.39348370927317;62.67418546365915;67.48370927318295;70.69924812030075;68.47869674185463;62.68421052631578;69.59398496240601;30.40601503759398
1;MIL min;61.774436090225564;56.91228070175439;56.91228070175439;56.91228070175439;50.84461152882206;57.91228070175439;56.61152882205513;64.57894736842105;36.3734335839599
2;MIL Extreme;67.97994987468671;68.73684210526315;63.77944862155389;68.83208020050125;68.74185463659146;71.68922305764411;62.72681704260651;60.86967418546366;40.177944862155385
3;BOW;64.83709273182959;56.07518796992481;67.83709273182956;61.080200501253124;53.11278195488721;59.017543859649116;59.022556390977435;53.11278195488721;38.225563909774436
4;CKNN;60.46115288220551;61.22305764411027;65.02255639097743;66.12781954887217;65.87468671679198;66.02255639097744;52.20300751879698;62.11779448621553;47.19799498746867
5;DIVERSE DENSITY;57.30827067669172;55.959899749373434;54.15538847117794;59.017543859649116;59.92230576441102;55.1077694235589;57.06015037593984;57.20802005012531;37.177944862155385
6;EM-DD;55.007518796992485;59.11278195488721;56.1077694235589;57.16040100250626;58.9172932330827;61.9172932330827;54.25563909774436;54.30827067669172;40.077694235588964
7;MILBOOST;40.24452233340243;39.38284432886728;39.38284432886728;39.38284432886728;39.38284432886728;39.38284432886728;38.521166324332135;31.537039340205148;6.984126984126983
