;CVCF;Original;MIL max;MIL min;MIL Extreme;BOW;CKNN;DIVERSE DENSITY;EM-DD;MILBOOST
0;MIL max;84.86175416450646;85.96267159569912;83.76744885001766;85.78082335880501;84.8567800494406;84.49481174251817;66.25234241748004;80.2796324264214;35.94782438819136
1;MIL min;82.12602093336038;82.3095071718925;78.27450803597591;83.40875654637122;83.5789884964197;78.8299108115622;67.11854473322362;80.28448632118356;36.12800456837154
2;MIL Extreme;86.68669837477178;86.50648813951565;84.84849987602283;85.95436136720541;86.49653990938394;86.14615783423123;71.54175025734659;81.21031790756561;36.493308988721836
3;BOW;86.67183613972604;83.94605113871168;81.56743231972591;84.12623131889187;82.65837146571091;80.84003937214946;64.41914808887286;77.60513641247587;35.94615633147744
4;CKNN;73.19485457100136;75.92066962709166;72.9998422108514;77.20009918175056;74.26771558881651;73.37339674954353;68.07722651759349;72.79321356385576;42.701996408418424
5;DIVERSE DENSITY;51.141416646003805;51.206500912922934;65.51839746335159;64.2323257369129;70.60930655426068;51.208138914560934;51.44120100083403;65.88370188370189;35.76600620637318
6;EM-DD;78.27948215104179;78.11091825770725;81.00693520877006;81.39702003922187;81.7789449165596;78.46296838957389;64.78281450758516;78.09435791087168;35.94782438819136
7;MILBOOST;36.74303566847188;36.204284234659575;36.204284234659575;36.204284234659575;36.204284234659575;36.204284234659575;36.204284234659575;36.204284234659575;22.277360408068724
