;CVCF;Original;MIL max;MIL min;MIL Extreme;BOW;CKNN;DIVERSE DENSITY;EM-DD;MILBOOST
0;MIL max;69.48370927318295;69.48370927318295;64.28320802005013;67.38345864661655;62.077694235588964;72.34085213032581;63.62656641604009;63.57393483709272;36.27318295739348
1;MIL min;67.48872180451126;65.63659147869674;66.53634085213032;66.63659147869674;67.58897243107769;70.4937343358396;66.6842105263158;69.73684210526315;35.22055137844611
2;MIL Extreme;71.29323308270676;60.52130325814536;64.33082706766916;68.2406015037594;66.3358395989975;67.28822055137844;58.51629072681705;67.3358395989975;39.177944862155385
3;BOW;58.11278195488721;56.907268170426065;57.16541353383458;56.95488721804512;59.96491228070175;55.012531328320804;61.82205513784461;58.616541353383454;35.32080200501253
4;CKNN;67.97994987468671;70.78446115288219;70.78947368421052;71.63659147869673;70.63659147869674;68.02756892230575;61.774436090225564;74.58897243107769;44.03508771929825
5;DIVERSE DENSITY;61.82205513784461;62.72681704260651;58.9172932330827;61.774436090225564;61.774436090225564;60.721804511278194;64.77944862155388;61.96992481203007;38.177944862155385
6;EM-DD;69.73684210526315;69.73182957393483;68.92731829573935;68.72681704260651;67.6842105263158;64.76942355889724;59.71679197994987;60.06015037593985;36.27318295739348
7;MILBOOST;39.421166324332134;39.38284432886728;39.38284432886728;39.38284432886728;39.38284432886728;39.38284432886728;37.65948831979698;37.65948831979698;9.1
