;CVCF;Original;MIL max;MIL min;MIL Extreme;BOW;CKNN;DIVERSE DENSITY;EM-DD;MILBOOST
0;MIL max;95.06734006734007;95.60942760942761;95.06060606060605;95.97643097643098;85.020202020202;95.06060606060605;94.87878787878788;83.74747474747474;20.074074074074073
1;MIL min;89.42087542087543;91.60942760942761;84.50168350168352;91.6094276094276;80.11111111111111;83.02693602693603;85.04040404040404;80.84175084175084;19.15824915824916
2;MIL Extreme;95.98316498316498;95.61616161616162;95.61616161616162;95.61616161616162;90.87878787878788;95.43434343434345;95.42760942760943;83.38720538720538;19.340067340067343
3;BOW;84.3030303030303;82.2929292929293;80.84175084175084;82.2929292929293;80.11111111111111;82.2929292929293;81.38383838383838;80.65993265993265;19.521885521885523
4;CKNN;80.3063973063973;85.4006734006734;84.66666666666667;85.5824915824916;83.75084175084176;83.21548821548821;83.58249158249157;81.56902356902357;27.367003367003367
5;DIVERSE DENSITY;70.48148148148148;51.21885521885522;16.0;17.77777777777778;80.11111111111111;17.09090909090909;49.407407407407405;81.02356902356902;18.97643097643098
6;EM-DD;81.01683501683502;93.42424242424242;93.43097643097643;93.7912457912458;89.06397306397307;81.59259259259258;92.6969696969697;83.41077441077441;19.892255892255893
7;MILBOOST;20.084639889353692;20.43842124953236;20.43842124953236;20.43842124953236;20.43842124953236;20.43842124953236;20.259908852838144;19.54585926606129;12.40199526125452
