;CVCF;Original;MIL max;MIL min;MIL Extreme;BOW;CKNN;DIVERSE DENSITY;EM-DD;MILBOOST
0;MIL max;66.50071123755335;66.50071123755335;66.50071123755335;66.50071123755335;66.50071123755335;66.50071123755335;66.50071123755335;66.50071123755335;66.50071123755335
1;MIL min;70.24182076813655;70.24182076813655;70.24182076813655;70.24182076813655;70.24182076813655;70.24182076813655;70.24182076813655;70.24182076813655;70.24182076813655
2;MIL Extreme;68.1081081081081;68.1081081081081;68.1081081081081;68.1081081081081;68.1081081081081;68.1081081081081;68.1081081081081;68.1081081081081;68.1081081081081
3;BOW;69.16073968705548;68.1081081081081;68.09388335704125;68.09388335704125;66.52916073968706;66.00284495021336;69.14651493598862;67.56756756756756;68.6344238975818
4;CKNN;63.798008534850645;67.524893314367;67.53911806543385;65.37695590327169;65.36273115220484;64.33854907539117;64.83641536273116;65.87482219061167;63.24324324324325
5;DIVERSE DENSITY;69.6728307254623;69.6728307254623;70.19914651493599;71.29445234708393;70.21337126600284;72.8307254623044;69.6728307254623;72.8307254623044;70.75391180654339
6;EM-DD;53.34281650071124;66.50071123755335;70.71123755334281;67.04125177809388;70.71123755334281;66.50071123755335;66.50071123755335;66.50071123755335;66.50071123755335
7;MILBOOST;65.62225698034638;65.62225698034638;65.62225698034638;65.62225698034638;65.62225698034638;65.62225698034638;65.62225698034638;65.62225698034638;65.62225698034638
