;CVCF;Original;MIL max;MIL min;MIL Extreme;BOW;CKNN;DIVERSE DENSITY;EM-DD;MILBOOST
0;MIL max;94.16835016835017;93.98316498316498;89.25589225589225;94.71717171717172;83.92929292929293;93.61616161616162;93.07744107744108;81.02356902356902;19.15824915824916
1;MIL min;87.75084175084176;91.05050505050505;84.29292929292929;91.04713804713803;80.11111111111111;83.56565656565655;84.13804713804714;81.20538720538721;19.15824915824916
2;MIL Extreme;95.62962962962963;95.08080808080808;86.11447811447812;95.44781144781146;85.3872053872054;95.08417508417509;94.53872053872054;81.2087542087542;18.791245791245792
3;BOW;84.13804713804714;81.02693602693603;80.11111111111111;81.02693602693603;80.11111111111111;80.65656565656566;80.47811447811446;81.20538720538721;19.15824915824916
4;CKNN;75.91582491582491;83.22558922558923;82.29966329966331;83.95286195286197;83.03703703703704;79.94949494949495;83.76767676767676;81.2053872053872;26.265993265993263
5;DIVERSE DENSITY;16.18181818181818;50.36363636363636;51.81818181818183;32.66666666666667;64.2929292929293;32.11111111111111;17.636363636363637;81.20538720538721;19.15824915824916
6;EM-DD;81.02356902356902;86.15488215488215;86.69023569023568;90.52525252525253;83.38383838383838;80.11111111111111;89.6026936026936;81.02356902356902;18.97643097643098
7;MILBOOST;19.721128229545734;20.43842124953236;20.43842124953236;20.43842124953236;20.43842124953236;20.43842124953236;20.259908852838144;19.364103436157308;8.039669421487602
