;CVCF;Original;MIL max;MIL min;MIL Extreme;BOW;CKNN;DIVERSE DENSITY;EM-DD;MILBOOST
0;MIL max;68.59649122807018;71.81286549707603;65.2046783625731;70.64327485380117;61.87134502923976;64.15204678362572;65.14619883040935;70.58479532163742;54.26900584795321
1;MIL min;73.85964912280703;61.92982456140351;71.57894736842105;71.63742690058479;68.53801169590643;77.25146198830409;66.25730994152046;74.85380116959064;54.327485380116954
2;MIL Extreme;74.03508771929825;72.86549707602339;64.09356725146199;71.75438596491229;71.87134502923976;71.87134502923976;56.60818713450292;68.3625730994152;54.327485380116954
3;BOW;58.654970760233915;60.99415204678362;53.09941520467836;56.49122807017543;53.21637426900585;59.82456140350878;53.1578947368421;55.49707602339181;54.327485380116954
4;CKNN;69.47368421052632;68.12865497076022;73.80116959064327;70.52631578947367;63.918128654970744;71.52046783625731;61.92982456140351;76.08187134502924;60.877192982456144
5;DIVERSE DENSITY;69.41520467836258;65.14619883040936;58.53801169590643;60.760233918128655;62.982456140350884;61.52046783625731;58.71345029239766;68.3625730994152;53.21637426900585
6;EM-DD;73.91812865497076;70.46783625730993;69.53216374269006;73.9766081871345;76.08187134502923;76.0233918128655;72.80701754385964;72.7485380116959;53.274853801169584
7;MILBOOST;53.8589651516706;50.94182825484764;50.94182825484764;50.94182825484764;50.94182825484764;50.94182825484764;50.94182825484764;50.94182825484764;22.400396703259123
