;EF;Original;Filtro_1;Filtro_2
0;MIL max;64.0;60.5;63.0
1;MIL min;60.0;58.75;60.25
2;MIL Extreme;60.333333333333336;59.0;60.666666666666664
3;BOW;59.5;59.125;61.0
4;CKNN;60.2;59.7;62.1
5;DIVERSE DENSITY;59.75;58.416666666666664;60.666666666666664
6;EM-DD;59.214285714285715;58.642857142857146;60.92857142857143
7;MILBOOST;58.0625;57.5625;59.5625
