;EF;Original;Filtro_1;Filtro_2
0;MIL max;54.0;50.5;54.5
1;MIL min;51.5;50.25;52.25
2;MIL Extreme;51.666666666666664;50.5;52.666666666666664
3;BOW;51.25;51.25;52.75
4;CKNN;53.1;51.4;53.6
5;DIVERSE DENSITY;52.416666666666664;51.083333333333336;53.25
6;EM-DD;52.857142857142854;51.07142857142857;53.214285714285715
7;MILBOOST;52.5;50.9375;52.8125
