;EF;Original;Filtro_1;Filtro_2
0;MIL max;55.907268170426065;58.817042606516296;64.63157894736841
1;MIL min;59.51503759398496;58.34085213032582;63.77944862155389
2;MIL Extreme;59.98245614035088;58.14870509607352;64.06349206349206
3;BOW;61.39473684210526;58.80513784461152;64.468671679198
4;CKNN;59.68571428571428;58.256140350877196;62.93734335839599
5;DIVERSE DENSITY;59.524227234753546;57.96532999164579;61.72431077694236
6;EM-DD;59.24418188327962;57.786251342642316;61.54564983888292
7;MILBOOST;56.76151468897808;55.48582546592045;58.77529915013097
