;EF;Original;Filtro_1;Filtro_2
0;MIL max;75.91903162545364;77.3836154753586;65.32996716482955
1;MIL min;72.73871619743178;73.19991885129501;64.69107138831909
2;MIL Extreme;75.07988889640265;74.53332231313884;64.78501854648643
3;BOW;75.88313835102826;73.77889232017674;64.64767937245003
4;CKNN;74.06212684744796;73.11232333250682;65.2945923404639
5;DIVERSE DENSITY;68.14045738816381;63.098189933052325;60.81471797068127
6;EM-DD;67.55641713439879;64.88087133958693;62.059803160720584
7;MILBOOST;63.63740052193138;61.29629795147101;58.82786329496296
