;EF;Original;Filtro_1;Filtro_2
0;MIL max;71.5;62.0;68.0
1;MIL min;61.5;56.0;62.25
2;MIL Extreme;64.16666666666667;58.166666666666664;64.33333333333333
3;BOW;66.125;58.875;64.5
4;CKNN;65.9;59.6;65.1
5;DIVERSE DENSITY;65.16666666666667;59.166666666666664;64.83333333333333
6;EM-DD;65.21428571428571;60.642857142857146;65.07142857142857
7;MILBOOST;63.3125;59.3125;63.1875
