;EF;Original;Filtro_1;Filtro_2
0;MIL max;92.14814814814815;94.32323232323233;80.47474747474747
1;MIL min;87.85690235690237;89.40067340067341;80.2929292929293
2;MIL Extreme;90.01346801346803;91.10437710437711;80.2929292929293
3;BOW;88.99326599326601;88.49242424242425;80.24747474747475
4;CKNN;85.71717171717171;87.73063973063974;80.51111111111112
5;DIVERSE DENSITY;80.11840628507295;78.56341189674524;80.44444444444444
6;EM-DD;80.11736411736412;80.40019240019241;80.44877344877345
7;MILBOOST;72.65749625888513;72.9049710063599;72.9474794238683
