;EF;Original;Filtro_1;Filtro_2
0;MIL max;85.75443500214143;83.9262147886001;86.67520230822984
1;MIL min;83.75182772430479;80.91529728226976;84.30228643990112
2;MIL Extreme;84.48219361980831;81.98285858836316;85.15220641826149
3;BOW;84.84736154002209;82.05959170179354;85.03127230650168
4;CKNN;81.67517075040011;79.92001743194403;82.51456694392475
5;DIVERSE DENSITY;79.56037689065214;77.6707266065064;80.4130368901011
6;EM-DD;79.7439092851937;78.51311743054863;80.70970982897589
7;MILBOOST;74.30145615387693;73.22451328106249;75.14653162968634
