;EF;Original;Filtro_1;Filtro_2
0;MIL max;79.0;73.0;76.0
1;MIL min;74.0;71.0;69.75
2;MIL Extreme;75.33333333333333;72.33333333333333;73.16666666666667
3;BOW;75.0;73.125;72.125
4;CKNN;75.2;73.7;73.1
5;DIVERSE DENSITY;73.66666666666667;72.5;71.83333333333333
6;EM-DD;73.92857142857143;72.64285714285714;72.92857142857143
7;MILBOOST;70.9375;69.8125;70.0625
