;EF;Original;Filtro_1;Filtro_2
0;MIL max;85.58902689177918;86.13951566245143;86.6965564396757
1;MIL min;83.48724537715364;83.12192592926539;84.49972574743217
2;MIL Extreme;84.06718311305468;84.00602103354397;84.86835626285166
3;BOW;84.17739632877247;84.08314361066655;84.77785166317277
4;CKNN;82.34323197258978;82.15939408966932;82.89830714784843
5;DIVERSE DENSITY;79.57078596528139;79.96693440730137;80.66613318906897
6;EM-DD;79.70014694785337;80.48624389908794;80.8994797251678
7;MILBOOST;74.26316410870416;74.95099894103438;75.31258028885426
