;CVCF;Original;MIL max;MIL min;MIL Extreme;BOW;CKNN;DIVERSE DENSITY;EM-DD;MILBOOST
0;MIL max;69.14651493598862;69.14651493598862;69.14651493598862;69.14651493598862;69.14651493598862;69.14651493598862;69.14651493598862;69.14651493598862;69.14651493598862
1;MIL min;67.62446657183499;67.62446657183499;67.62446657183499;67.62446657183499;67.62446657183499;67.62446657183499;67.62446657183499;67.62446657183499;67.62446657183499
2;MIL Extreme;70.32716927453771;70.32716927453771;70.32716927453771;70.32716927453771;70.32716927453771;70.32716927453771;70.32716927453771;70.32716927453771;70.32716927453771
3;BOW;67.02702702702702;67.5533428165007;68.0796586059744;68.09388335704125;67.5533428165007;68.0796586059744;67.5533428165007;66.50071123755335;68.62019914651493
4;CKNN;73.89758179231862;73.4139402560455;74.46657183499289;73.92603129445236;73.41394025604552;72.85917496443813;74.99288762446656;74.40967283072547;76.05974395448081
5;DIVERSE DENSITY;71.84921763869133;73.99715504978663;70.78236130867711;73.47083926031294;73.95448079658607;70.75391180654339;73.48506401137982;72.36130867709815;73.47083926031294
6;EM-DD;67.02702702702702;67.02702702702702;66.50071123755335;66.50071123755335;66.50071123755335;66.50071123755335;66.50071123755335;66.50071123755335;66.50071123755335
7;MILBOOST;65.62225698034638;65.62225698034638;65.62225698034638;65.62225698034638;65.62225698034638;65.62225698034638;65.62225698034638;65.62225698034638;65.62225698034638
