;CVCF;Original;MIL max;MIL min;MIL Extreme;BOW;CKNN;DIVERSE DENSITY;EM-DD;MILBOOST
0;MIL max;72.98245614035088;72.98245614035088;72.98245614035088;72.98245614035088;72.98245614035088;72.98245614035088;72.98245614035088;72.98245614035088;72.98245614035088
1;MIL min;78.3625730994152;78.3625730994152;78.3625730994152;78.3625730994152;78.3625730994152;78.3625730994152;78.3625730994152;78.3625730994152;78.3625730994152
2;MIL Extreme;83.74269005847952;83.74269005847952;83.74269005847952;83.74269005847952;83.74269005847952;83.74269005847952;83.74269005847952;83.74269005847952;83.74269005847952
3;BOW;67.42690058479532;63.27485380116959;68.59649122807018;65.38011695906432;60.8187134502924;65.26315789473684;62.046783625730995;63.09941520467836;59.70760233918129
4;CKNN;81.52046783625731;81.52046783625731;81.52046783625731;81.52046783625731;81.52046783625731;81.52046783625731;81.52046783625731;81.52046783625731;81.52046783625731
5;DIVERSE DENSITY;61.05263157894736;66.49122807017542;68.47953216374269;58.94736842105264;61.11111111111111;64.32748538011694;66.4327485380117;60.11695906432749;60.99415204678362
6;EM-DD;81.57894736842105;76.25730994152048;77.19298245614036;78.47953216374269;72.92397660818713;78.42105263157896;80.46783625730994;77.36842105263158;81.6374269005848
7;MILBOOST;50.94182825484764;50.94182825484764;50.94182825484764;50.94182825484764;50.94182825484764;50.94182825484764;50.94182825484764;50.94182825484764;50.94182825484764
