;CVCF;Original;MIL max;MIL min;MIL Extreme;BOW;CKNN;DIVERSE DENSITY;EM-DD;MILBOOST
0;MIL max;69.28571428571429;69.28571428571429;69.28571428571429;69.28571428571429;69.28571428571429;69.28571428571429;69.28571428571429;69.28571428571429;69.28571428571429
1;MIL min;69.28571428571429;69.28571428571429;69.28571428571429;69.28571428571429;69.28571428571429;69.28571428571429;69.28571428571429;69.28571428571429;69.28571428571429
2;MIL Extreme;69.28571428571429;69.28571428571429;69.28571428571429;69.28571428571429;69.28571428571429;69.28571428571429;69.28571428571429;69.28571428571429;69.28571428571429
3;BOW;74.0079365079365;71.15079365079364;76.23015873015872;76.23015873015872;76.23015873015872;73.37301587301586;71.78571428571429;76.23015873015872;71.78571428571429
4;CKNN;64.88095238095238;64.88095238095238;62.65873015873016;62.65873015873016;62.65873015873016;64.88095238095238;64.88095238095238;62.65873015873016;64.88095238095238
5;DIVERSE DENSITY;69.28571428571429;69.28571428571429;69.28571428571429;69.28571428571429;69.28571428571429;69.28571428571429;69.28571428571429;69.28571428571429;69.28571428571429
6;EM-DD;71.78571428571429;74.0079365079365;69.28571428571429;69.28571428571429;69.28571428571429;71.78571428571429;69.28571428571429;71.78571428571429;69.28571428571429
7;MILBOOST;35.4109977324263;35.4109977324263;35.4109977324263;35.4109977324263;35.4109977324263;35.4109977324263;35.4109977324263;35.4109977324263;35.4109977324263
