EM-DD;MIL-EF-CON;MIL-CVCF-CON;MIL-IPF-CON;MIL-EF-MAX;MIL-CVCF-MAX;MIL-IPF-MAX
Musk 1;61.59565581;69.73684211;74.59795322;60.67251462;67.63888889;62.09795322
Musk 2;60.21070533;60.08991228;61.17073935;59.66595059;55.23214286;61.17324561
Muta 1;67.87136761;64.37588905;60.17069701;62.25665515;70.48186344;66.56650071
Muta 2;67.51984127;60.98214286;65.22321429;81.19614512;50.71924603;69.51884921
Tiger;55.89285714;47.6875;50.5;59.78571429;55.8125;51.875
Fox;52.96428571;54.25;52.5625;52.14285714;53.75;55.0625
Elephant;64.32142857;70;65;62.85714286;60.6875;57.4375
BRCR;68.03443668;63.45584534;49.35;63.47033725;65.72294667;38.95
WIWR;71.32972583;80.06565657;49.35;80.42448292;75.78619529;38.95
