;IPF;Original;MIL max;MIL min;MIL Extreme;BOW;CKNN;DIVERSE DENSITY;EM-DD;MILBOOST
0;MIL max;60.3968253968254;60.3968253968254;60.3968253968254;60.3968253968254;60.3968253968254;60.3968253968254;60.3968253968254;60.3968253968254;60.3968253968254
1;MIL min;62.61904761904761;62.61904761904761;62.61904761904761;62.61904761904761;62.61904761904761;62.61904761904761;62.61904761904761;62.61904761904761;62.61904761904761
2;MIL Extreme;69.28571428571429;69.28571428571429;69.28571428571429;69.28571428571429;69.28571428571429;69.28571428571429;69.28571428571429;69.28571428571429;69.28571428571429
3;BOW;71.5079365079365;71.5079365079365;71.5079365079365;71.5079365079365;76.5873015873016;71.5079365079365;74.36507936507937;73.73015873015873;72.14285714285714
4;CKNN;64.2063492063492;64.2063492063492;66.42857142857142;66.42857142857142;66.42857142857142;66.42857142857142;66.42857142857142;66.42857142857142;66.42857142857142
5;DIVERSE DENSITY;64.28571428571428;64.28571428571428;64.28571428571428;64.28571428571428;64.28571428571428;64.28571428571428;59.28571428571428;64.28571428571428;64.28571428571428
6;EM-DD;62.61904761904761;62.61904761904761;62.61904761904761;72.06349206349206;62.61904761904761;62.61904761904761;62.61904761904761;62.61904761904761;62.61904761904761
7;MILBOOST;35.4109977324263;35.4109977324263;35.4109977324263;35.4109977324263;35.4109977324263;35.4109977324263;35.4109977324263;35.4109977324263;35.4109977324263
