;IPF;Original;MIL max;MIL min;MIL Extreme;BOW;CKNN;DIVERSE DENSITY;EM-DD;MILBOOST
0;MIL max;61.66917293233083;61.66917293233083;61.66917293233083;61.66917293233083;61.66917293233083;61.66917293233083;61.66917293233083;61.66917293233083;61.66917293233083
1;MIL min;66.87969924812029;66.87969924812029;66.87969924812029;66.87969924812029;66.87969924812029;66.87969924812029;66.87969924812029;66.87969924812029;66.87969924812029
2;MIL Extreme;70.58395989974936;70.58395989974936;70.58395989974936;70.58395989974936;70.58395989974936;70.58395989974936;70.58395989974936;70.58395989974936;70.58395989974936
3;BOW;55.16040100250626;53.20802005012531;55.16040100250626;60.9749373433584;54.35588972431077;54.16040100250626;54.25563909774436;58.11779448621553;53.1077694235589
4;CKNN;70.58897243107769;70.58897243107769;70.58897243107769;70.58897243107769;70.58897243107769;70.58897243107769;70.58897243107769;70.58897243107769;70.58897243107769
5;DIVERSE DENSITY;60.82205513784461;57.86466165413534;59.769423558897245;59.86967418546366;57.96491228070175;60.82205513784461;57.96491228070175;60.82205513784461;58.9172932330827
6;EM-DD;61.62155388471177;60.62155388471179;60.82205513784461;62.526315789473685;62.6265664160401;62.827067669172926;61.721804511278194;60.86967418546366;62.67418546365915
7;MILBOOST;39.38284432886728;39.38284432886728;39.38284432886728;39.38284432886728;39.38284432886728;39.38284432886728;39.38284432886728;39.38284432886728;39.38284432886728
