;CVCF;Original;MIL max;MIL min;MIL Extreme;BOW;CKNN;DIVERSE DENSITY;EM-DD;MILBOOST
0;MIL max;72.34586466165413;72.34586466165413;72.34586466165413;72.34586466165413;72.34586466165413;72.34586466165413;72.34586466165413;72.34586466165413;72.34586466165413
1;MIL min;72.84210526315789;72.84210526315789;72.84210526315789;72.84210526315789;72.84210526315789;72.84210526315789;72.84210526315789;72.84210526315789;72.84210526315789
2;MIL Extreme;75.15538847117793;75.15538847117793;75.15538847117793;75.15538847117793;75.15538847117793;75.15538847117793;75.15538847117793;75.15538847117793;75.15538847117793
3;BOW;58.96491228070175;62.774436090225564;64.73182957393483;63.83208020050124;59.71679197994988;71.64160401002506;60.62155388471177;59.06516290726817;66.48370927318295
4;CKNN;68.73182957393483;68.73182957393483;68.73182957393483;68.73182957393483;68.73182957393483;68.73182957393483;68.73182957393483;68.73182957393483;68.73182957393483
5;DIVERSE DENSITY;58.86967418546366;60.82205513784461;62.72681704260651;58.9172932330827;59.86967418546366;61.774436090225564;61.774436090225564;60.82205513784461;57.96491228070175
6;EM-DD;64.12280701754386;61.022556390977435;63.228070175438596;60.96491228070175;67.12781954887217;65.1328320802005;62.27568922305765;65.27568922305764;62.17543859649123
7;MILBOOST;39.38284432886728;39.38284432886728;39.38284432886728;39.38284432886728;39.38284432886728;39.38284432886728;39.38284432886728;39.38284432886728;39.38284432886728
