MIL Extreme;MIL-EF-CON;MIL-CVCF-CON;MIL-IPF-CON;MIL-EF-MAX;MIL-CVCF-MAX;MIL-IPF-MAX
Musk 1;79.84405458;87.13450292;83.62573099;78.93762183;77.33918129;73.98391813
Musk 2;72.16583124;82.31328321;82.56140351;71.07560568;69.75814536;79.06516291
Muta 1;66.59080133;69.71550498;70.21337127;67.02702703;70.2613798;69.16073969
Muta 2;81.30952381;69.28571429;69.28571429;81.30952381;60;69.28571429
Tiger;74.25;67.875;70;69.16666667;65.9375;76
Fox;55.66666667;65;59;55.16666667;56.125;59.5
Elephant;72.75;81.3125;80.5;72.41666667;72.3125;65.5625
BRCR;84.43718865;86.13632982;87.04044662;85.03431037;77.60966909;39.45
WIWR;94.77609428;96.34680135;96.35353535;92.46296296;85.26809764;39.45
