;IPF;Original;MIL max;MIL min;MIL Extreme;BOW;CKNN;DIVERSE DENSITY;EM-DD;MILBOOST
0;MIL max;76.08187134502923;76.08187134502923;76.08187134502923;76.08187134502923;76.08187134502923;76.08187134502923;76.08187134502923;76.08187134502923;76.08187134502923
1;MIL min;82.7485380116959;82.7485380116959;82.7485380116959;82.7485380116959;82.7485380116959;82.7485380116959;82.7485380116959;82.7485380116959;82.7485380116959
2;MIL Extreme;84.85380116959064;84.85380116959064;84.85380116959064;84.85380116959064;84.85380116959064;84.85380116959064;84.85380116959064;84.85380116959064;84.85380116959064
3;BOW;59.88304093567251;65.3216374269006;64.3859649122807;61.98830409356724;66.19883040935673;61.87134502923976;62.98245614035087;68.71345029239767;64.26900584795321
4;CKNN;85.96491228070174;85.96491228070174;85.96491228070174;85.96491228070174;85.96491228070174;85.96491228070174;85.96491228070174;85.96491228070174;85.96491228070174
5;DIVERSE DENSITY;76.3157894736842;70.76023391812865;71.87134502923976;76.25730994152046;65.26315789473685;73.91812865497076;77.42690058479532;75.08771929824562;74.03508771929825
6;EM-DD;82.57309941520468;83.74269005847955;83.6842105263158;83.74269005847955;84.73684210526316;82.57309941520468;83.74269005847952;85.78947368421055;85.78947368421052
7;MILBOOST;50.94182825484764;50.94182825484764;50.94182825484764;50.94182825484764;50.94182825484764;50.94182825484764;50.94182825484764;50.94182825484764;50.94182825484764
