;IPF;Original;MIL max;MIL min;MIL Extreme;BOW;CKNN;DIVERSE DENSITY;EM-DD;MILBOOST
0;MIL max;73.59398496240601;73.59398496240601;73.59398496240601;73.59398496240601;73.59398496240601;73.59398496240601;73.59398496240601;73.59398496240601;73.59398496240601
1;MIL min;73.84210526315789;73.84210526315789;73.84210526315789;73.84210526315789;73.84210526315789;73.84210526315789;73.84210526315789;73.84210526315789;73.84210526315789
2;MIL Extreme;82.60902255639097;82.60902255639097;82.60902255639097;82.60902255639097;82.60902255639097;82.60902255639097;82.60902255639097;82.60902255639097;82.60902255639097
3;BOW;68.6842105263158;62.1077694235589;62.669172932330824;64.72681704260651;68.57894736842105;68.38345864661655;63.669172932330824;67.63157894736841;65.8796992481203
4;CKNN;80.51378446115288;80.51378446115288;80.51378446115288;80.51378446115288;80.51378446115288;80.51378446115288;80.51378446115288;80.51378446115288;80.51378446115288
5;DIVERSE DENSITY;60.82205513784461;57.9172932330827;57.86967418546366;59.721804511278194;59.769423558897245;59.82205513784461;59.86967418546366;61.87468671679197;57.769423558897245
6;EM-DD;77.55639097744361;78.60401002506265;78.6516290726817;76.60401002506265;78.60401002506265;74.69924812030075;74.7468671679198;78.55639097744361;77.60401002506265
7;MILBOOST;39.38284432886728;39.38284432886728;39.38284432886728;39.38284432886728;39.38284432886728;39.38284432886728;39.38284432886728;39.38284432886728;39.38284432886728
