;CVCF;Original;MIL max;MIL min;MIL Extreme;BOW;CKNN;DIVERSE DENSITY;EM-DD;MILBOOST
0;MIL max;85.59084522387275;85.59084522387275;85.59084522387275;85.59084522387275;85.59084522387275;85.59084522387275;85.59084522387275;85.59084522387275;85.59084522387275
1;MIL min;82.3113856141379;82.3113856141379;82.3113856141379;82.3113856141379;82.3113856141379;82.3113856141379;82.3113856141379;82.3113856141379;82.3113856141379
2;MIL Extreme;86.13632982440322;86.13632982440322;86.13632982440322;86.13632982440322;86.13632982440322;86.13632982440322;86.13632982440322;86.13632982440322;86.13632982440322
3;BOW;85.59418133730061;84.49656996445988;85.22050657830474;85.05033473840813;87.05873513212963;87.41406126727227;86.13796782604122;87.05206290527391;86.68348248164762
4;CKNN;73.36520674135353;73.36520674135353;73.36520674135353;73.36520674135353;73.36520674135353;73.36520674135353;73.36520674135353;73.36520674135353;73.36520674135353
5;DIVERSE DENSITY;13.333333333333332;12.727272727272727;38.78231859883236;38.36410221731323;12.792792792792792;51.930497636919654;0.0;38.2973799487561;25.636829490040498
6;EM-DD;78.08953407118545;80.46323888525724;78.44649820796609;79.21359391084161;81.39883837131545;81.20549406787939;81.39401453162921;79.76080667823787;81.94271502528383
7;MILBOOST;36.204284234659575;36.204284234659575;36.204284234659575;36.204284234659575;36.204284234659575;36.204284234659575;36.204284234659575;36.204284234659575;36.204284234659575
