;IPF;Original;MIL max;MIL min;MIL Extreme;BOW;CKNN;DIVERSE DENSITY;EM-DD;MILBOOST
0;MIL max;71.87134502923978;71.87134502923978;71.87134502923978;71.87134502923978;71.87134502923978;71.87134502923978;71.87134502923978;71.87134502923978;71.87134502923978
1;MIL min;67.36842105263159;67.36842105263159;67.36842105263159;67.36842105263159;67.36842105263159;67.36842105263159;67.36842105263159;67.36842105263159;67.36842105263159
2;MIL Extreme;73.74269005847952;73.74269005847952;73.74269005847952;73.74269005847952;73.74269005847952;73.74269005847952;73.74269005847952;73.74269005847952;73.74269005847952
3;BOW;59.883040935672526;57.54385964912281;62.046783625730995;58.83040935672515;60.877192982456144;60.87719298245613;61.169590643274866;59.88304093567251;56.54970760233918
4;CKNN;65.32163742690057;65.32163742690057;65.32163742690057;65.32163742690057;65.32163742690057;65.32163742690057;65.32163742690057;65.32163742690057;65.32163742690057
5;DIVERSE DENSITY;66.08187134502924;63.91812865497076;50.0;64.97076023391813;59.356725146198826;60.76023391812864;60.760233918128655;64.85380116959064;53.21637426900585
6;EM-DD;74.91228070175438;71.52046783625731;77.07602339181287;74.85380116959064;74.85380116959064;76.0233918128655;75.906432748538;73.85964912280701;72.69005847953215
7;MILBOOST;50.94182825484764;50.94182825484764;50.94182825484764;50.94182825484764;50.94182825484764;50.94182825484764;50.94182825484764;50.94182825484764;50.94182825484764
