;IPF;Original;MIL max;MIL min;MIL Extreme;BOW;CKNN;DIVERSE DENSITY;EM-DD;MILBOOST
0;MIL max;64.73182957393485;64.73182957393485;64.73182957393485;64.73182957393485;64.73182957393485;64.73182957393485;64.73182957393485;64.73182957393485;64.73182957393485
1;MIL min;66.93233082706766;66.93233082706766;66.93233082706766;66.93233082706766;66.93233082706766;66.93233082706766;66.93233082706766;66.93233082706766;66.93233082706766
2;MIL Extreme;63.92731829573935;63.92731829573935;63.92731829573935;63.92731829573935;63.92731829573935;63.92731829573935;63.92731829573935;63.92731829573935;63.92731829573935
3;BOW;55.06015037593984;57.817042606516296;53.00751879699247;53.1077694235589;53.86466165413534;57.06516290726817;55.20802005012531;53.06015037593984;54.959899749373434
4;CKNN;66.63157894736841;66.63157894736841;66.63157894736841;66.63157894736841;66.63157894736841;66.63157894736841;66.63157894736841;66.63157894736841;66.63157894736841
5;DIVERSE DENSITY;55.7593984962406;59.66917293233083;60.82205513784461;61.874686716791985;59.769423558897245;63.77944862155389;65.6842105263158;54.20802005012531;58.71679197994987
6;EM-DD;65.88471177944862;62.8796992481203;59.9749373433584;61.92731829573935;60.92731829573935;61.8796992481203;59.9749373433584;59.774436090225564;62.02756892230576
7;MILBOOST;39.38284432886728;39.38284432886728;39.38284432886728;39.38284432886728;39.38284432886728;39.38284432886728;39.38284432886728;39.38284432886728;39.38284432886728
