;CVCF;Original;MIL max;MIL min;MIL Extreme;BOW;CKNN;DIVERSE DENSITY;EM-DD;MILBOOST
0;MIL max;100.0;81.30952380952382;93.33333333333333;60.0;100.0;100.0;0.0;60.0;0.0
1;MIL min;93.05555555555556;81.30952380952382;93.33333333333333;60.0;100.0;100.0;0.0;0.0;6.944444444444445
2;MIL Extreme;94.64285714285714;81.30952380952382;93.33333333333333;60.0;100.0;100.0;0.0;40.0;5.357142857142857
3;BOW;100.0;81.30952380952382;93.33333333333333;60.0;100.0;100.0;0.0;0.0;5.079365079365079
4;CKNN;95.27777777777779;83.53174603174604;93.33333333333333;100.0;100.0;97.77777777777779;100.0;100.0;22.3015873015873
5;DIVERSE DENSITY;97.77777777777779;81.30952380952382;93.33333333333333;60.0;100.0;100.0;0.0;20.0;2.2222222222222223
6;EM-DD;97.77777777777779;81.30952380952382;93.33333333333333;60.0;100.0;100.0;0.0;0.0;2.2222222222222223
7;MILBOOST;12.023809523809522;14.951971529352482;10.758377425044092;2.2222222222222223;12.023809523809522;12.023809523809522;0.0;2.2222222222222223;0.0
