;CVCF;Original;MIL max;MIL min;MIL Extreme;BOW;CKNN;DIVERSE DENSITY;EM-DD;MILBOOST
0;MIL max;72.37553342816501;66.52916073968706;68.6344238975818;69.16073968705547;69.16073968705547;67.58179231863443;69.16073968705547;71.82076813655762;73.95448079658607
1;MIL min;73.88335704125178;68.1081081081081;70.19914651493599;71.25177809388336;68.6344238975818;68.60597439544807;69.17496443812233;71.83499288762447;73.96870554765292
2;MIL Extreme;73.3570412517781;68.62019914651492;71.22332859174965;70.69701280227596;68.62019914651492;70.69701280227596;68.62019914651492;71.28022759601707;72.33285917496443
3;BOW;72.36130867709815;67.56756756756756;67.56756756756756;67.56756756756756;67.56756756756756;70.75391180654339;67.56756756756756;70.2275960170697;71.29445234708393
4;CKNN;79.75817923186344;73.9118065433855;72.33285917496444;71.28022759601707;70.75391180654339;77.63869132290185;74.45234708392603;71.30867709815078;73.42816500711237
5;DIVERSE DENSITY;76.07396870554766;68.1081081081081;68.1081081081081;68.1081081081081;68.64864864864865;69.17496443812233;68.64864864864865;71.30867709815078;72.9018492176387
6;EM-DD;72.34708392603129;54.950213371266;68.1081081081081;68.1081081081081;68.1081081081081;54.950213371266;68.6344238975818;71.29445234708393;72.34708392603129
7;MILBOOST;73.16501722955267;67.13080903018763;67.13080903018763;67.13080903018763;67.64213116313138;67.64213116313138;55.315767215894496;57.16893055367264;59.33010123247452
