;CVCF;Original;MIL max;MIL min;MIL Extreme;BOW;CKNN;DIVERSE DENSITY;EM-DD;MILBOOST
0;MIL max;71.83709273182959;65.93233082706767;65.07518796992481;67.02756892230575;66.17543859649122;64.97994987468671;60.72681704260651;65.82706766917292;41.230576441102755
1;MIL min;77.40350877192982;72.4937343358396;72.39348370927317;74.49874686716791;68.6892230576441;72.3984962406015;65.63157894736841;69.531328320802;34.368421052631575
2;MIL Extreme;81.46115288220551;78.35588972431077;74.5513784461153;77.50375939849623;72.69423558897242;80.41353383458647;64.77944862155388;71.58897243107769;38.177944862155385
3;BOW;69.7468671679198;64.88471177944862;71.50375939849623;71.3984962406015;72.79448621553885;65.57894736842105;65.63157894736841;49.80701754385965;39.177944862155385
4;CKNN;79.45614035087719;74.58897243107769;73.68922305764411;78.5513784461153;74.54636591478696;78.50375939849623;64.67919799498746;71.58897243107769;52.902255639097746
5;DIVERSE DENSITY;61.82205513784461;58.9172932330827;63.72681704260651;63.72681704260651;61.774436090225564;61.774436090225564;63.72681704260651;65.6842105263158;38.177944862155385
6;EM-DD;77.40350877192982;71.35087719298245;70.68922305764411;78.30827067669172;78.21303258145363;77.10776942355889;64.77944862155388;68.48872180451127;38.17293233082707
7;MILBOOST;39.46299457917978;39.38284432886728;39.38284432886728;39.38284432886728;39.38284432886728;39.38284432886728;38.521166324332135;37.65948831979698;8.587257617728532
