;IPF;Original;MIL max;MIL min;MIL Extreme;BOW;CKNN;DIVERSE DENSITY;EM-DD;MILBOOST
0;MIL max;72.86549707602339;72.86549707602339;72.86549707602339;72.86549707602339;72.86549707602339;72.86549707602339;72.86549707602339;72.86549707602339;72.86549707602339
1;MIL min;84.61988304093568;84.61988304093568;84.61988304093568;84.61988304093568;84.61988304093568;84.61988304093568;84.61988304093568;84.61988304093568;84.61988304093568
2;MIL Extreme;83.62573099415206;83.62573099415206;83.62573099415206;83.62573099415206;83.62573099415206;83.62573099415206;83.62573099415206;83.62573099415206;83.62573099415206
3;BOW;63.09941520467836;66.37426900584794;66.4327485380117;64.21052631578948;66.19883040935672;64.09356725146198;54.561403508771924;64.21052631578948;59.649122807017534
4;CKNN;90.23391812865498;90.23391812865498;90.23391812865498;90.23391812865498;90.23391812865498;90.23391812865498;90.23391812865498;90.23391812865498;90.23391812865498
5;DIVERSE DENSITY;71.81286549707602;69.47368421052632;60.8187134502924;68.42105263157893;69.5906432748538;65.14619883040936;63.09941520467836;68.47953216374269;61.05263157894738
6;EM-DD;83.50877192982458;84.61988304093568;83.45029239766082;81.2280701754386;84.56140350877195;85.67251461988306;81.2280701754386;84.61988304093568;86.78362573099416
7;MILBOOST;50.94182825484764;50.94182825484764;50.94182825484764;50.94182825484764;50.94182825484764;50.94182825484764;50.94182825484764;50.94182825484764;50.94182825484764
