;IPF;Original;MIL max;MIL min;MIL Extreme;BOW;CKNN;DIVERSE DENSITY;EM-DD;MILBOOST
0;MIL max;84.84355581603288;84.84355581603288;84.84355581603288;84.84355581603288;84.84355581603288;84.84355581603288;84.84355581603288;84.84355581603288;84.84355581603288
1;MIL min;84.84862009632653;84.84862009632653;84.84862009632653;84.84862009632653;84.66843991614635;84.84862009632653;84.84862009632653;84.84862009632653;84.84862009632653
2;MIL Extreme;87.04044661842828;87.04044661842828;87.04044661842828;87.04044661842828;87.04044661842828;87.04044661842828;87.04044661842828;87.04044661842828;87.04044661842828
3;BOW;85.403932706685;85.94777930557748;85.95772753570918;87.77602957419472;85.03368422634477;85.76593106868336;85.40396276176094;86.49656996445987;86.32803612620125
4;CKNN;72.4577237788247;72.4577237788247;72.4577237788247;72.4577237788247;72.4577237788247;72.4577237788247;72.4577237788247;72.4577237788247;72.4577237788247
5;DIVERSE DENSITY;39.082568807339456;25.636829490040498;38.59883236030025;40.370774444168944;12.792792792792792;50.64776202390881;38.36410221731323;25.636829490040498;12.844036697247708
6;EM-DD;78.47139883837133;79.55906198108035;80.12271487500846;76.45474832630796;79.9259743479927;75.17859477492503;77.90765577921542;79.39368392579402;80.30125705355064
7;MILBOOST;36.204284234659575;36.204284234659575;36.204284234659575;36.204284234659575;36.204284234659575;36.204284234659575;36.204284234659575;36.204284234659575;36.204284234659575
