;EF;Original;Filtro_1;Filtro_2
0;MIL max;74.5;71.5;73.0
1;MIL min;66.5;67.0;64.0
2;MIL Extreme;69.33333333333333;68.33333333333333;67.5
3;BOW;69.875;68.0;68.0
4;CKNN;68.8;68.2;68.7
5;DIVERSE DENSITY;67.41666666666667;66.58333333333333;68.08333333333333
6;EM-DD;68.14285714285714;67.64285714285714;68.71428571428571
7;MILBOOST;65.875;65.4375;66.375
