;EF;Original;Filtro_1;Filtro_2
0;MIL max;67.48538011695905;66.37426900584796;64.21052631578948
1;MIL min;69.06432748538012;68.56725146198832;67.39766081871345
2;MIL Extreme;71.40350877192982;71.11111111111111;69.92202729044834
3;BOW;69.2982456140351;69.61988304093568;67.14912280701755
4;CKNN;70.44444444444444;71.12280701754385;67.62573099415205
5;DIVERSE DENSITY;71.41325536062378;70.89668615984404;69.03508771929823
6;EM-DD;73.01587301587301;72.54803675856306;70.49289891395154
7;MILBOOST;70.25661742074485;69.84726069559864;68.04901508156355
