;EF;Original;Filtro_1;Filtro_2
0;MIL max;70.44611528822055;71.29824561403508;72.45112781954887
1;MIL min;75.45112781954887;73.36967418546365;75.97744360902256
2;MIL Extreme;76.75438596491229;73.99665831244778;78.12447786131996
3;BOW;72.91040100250626;71.8421052631579;73.31077694235589
4;CKNN;71.86516290726817;70.75989974937343;72.35588972431079
5;DIVERSE DENSITY;70.82623224728488;69.90517961570593;69.78989139515457
6;EM-DD;69.86108127461512;70.16004296455425;70.21160042964553
7;MILBOOST;66.05130165639663;66.31289313509338;66.35800591704826
