DIVERSE DENSITY;MIL-EF-CON;MIL-CVCF-CON;MIL-IPF-CON;MIL-EF-MAX;MIL-CVCF-MAX;MIL-IPF-MAX
Musk 1;78.37231969;75.73099415;73.07748538;77.20760234;72.17105263;69.35672515
Musk 2;71.83563074;60.45238095;59.32675439;71.42230576;58.71773183;58.29323308
Muta 1;67.73470839;71.28556188;70.49786629;67.11711712;67.13549075;72.54089616
Muta 2;81.91798942;69.28571429;69.28571429;82.1031746;57.42063492;69.28571429
Tiger;71.54166667;53.25;54.125;69.375;52.25;53.25
Fox;59;51.625;52.0625;58.70833333;53.9375;53.625
Elephant;74.375;67.25;66.0625;72.54166667;64.1875;61.6875
BRCR;80.47867592;32.4367923;32.11887346;80.43686681;44.63712441;19.55
WIWR;89.50420875;35.91624579;29.45454545;88.75897868;30.95454545;9.55
