;EF;Original;Filtro_1;Filtro_2
0;MIL max;65.5;59.0;61.0
1;MIL min;59.0;55.0;56.25
2;MIL Extreme;59.833333333333336;54.833333333333336;56.5
3;BOW;59.375;55.125;56.0
4;CKNN;60.2;56.0;57.3
5;DIVERSE DENSITY;58.833333333333336;54.916666666666664;55.916666666666664
6;EM-DD;59.142857142857146;55.285714285714285;56.92857142857143
7;MILBOOST;58.0;54.625;56.0625
