;EF;Original;Filtro_1;Filtro_2
0;MIL max;69.28571428571429;81.30952380952382;81.30952380952382
1;MIL min;69.28571428571428;81.30952380952381;81.30952380952381
2;MIL Extreme;69.28571428571426;81.30952380952382;81.30952380952382
3;BOW;71.57738095238093;81.30952380952382;81.30952380952382
4;CKNN;73.07936507936508;81.30952380952381;81.75396825396825
5;DIVERSE DENSITY;72.44708994708996;81.30952380952382;81.67989417989419
6;EM-DD;71.99546485260771;81.30952380952381;81.94444444444444
7;MILBOOST;67.42240646258503;76.90371866339129;74.9901384164777
