BOW;MIL-EF-CON;MIL-CVCF-CON;MIL-IPF-CON;MIL-EF-MAX;MIL-CVCF-MAX;MIL-IPF-MAX
Musk 1;70.09502924;59.2251462;59.35672515;64.42251462;55.67982456;54.28362573
Musk 2;66.13377193;60.09993734;59.92387218;64.13126566;57.39066416;58.93890977
Muta 1;66.82610242;67.77204836;67.96230441;67.29018492;70.50142248;68.24857752
Muta 2;82.42063492;69.28571429;71.00694444;78.98313492;60.90277778;80.85813492
Tiger;68.125;65.5625;66.0625;62;59.75;67.3125
Fox;55.5625;52.25;53.4375;54.25;52.1875;49.5625
Elephant;65.875;68.4375;71.4375;65.25;60.5;70.4375
BRCR;80.10539939;83.96986227;49.55;82.65918295;73.33666757;39.15
WIWR;88.0702862;85.83164983;49.55;84.96506734;73.08670034;39.15
