;CVCF;Original;MIL max;MIL min;MIL Extreme;BOW;CKNN;DIVERSE DENSITY;EM-DD;MILBOOST
0;MIL max;69.74185463659148;69.74185463659148;69.74185463659148;69.74185463659148;69.74185463659148;69.74185463659148;69.74185463659148;69.74185463659148;69.74185463659148
1;MIL min;61.578947368421055;61.578947368421055;61.578947368421055;61.578947368421055;61.578947368421055;61.578947368421055;61.578947368421055;61.578947368421055;61.578947368421055
2;MIL Extreme;65.7844611528822;65.7844611528822;65.7844611528822;65.7844611528822;65.7844611528822;65.7844611528822;65.7844611528822;65.7844611528822;65.7844611528822
3;BOW;53.764411027568926;52.80701754385965;57.80701754385965;58.86967418546366;54.76441102756892;51.902255639097746;60.52130325814536;57.71679197994987;54.664160401002505
4;CKNN;69.7844611528822;69.7844611528822;69.7844611528822;69.7844611528822;69.7844611528822;69.7844611528822;69.7844611528822;69.7844611528822;69.7844611528822
5;DIVERSE DENSITY;50.04511278195489;50.796992481203006;51.749373433583955;54.05513784461154;55.907268170426065;52.802005012531325;47.84461152882206;53.854636591478695;58.06516290726817
6;EM-DD;59.96491228070175;58.012531328320804;61.9172932330827;60.96491228070175;58.012531328320804;60.012531328320804;60.9172932330827;59.012531328320804;61.86967418546366
7;MILBOOST;39.38284432886728;39.38284432886728;39.38284432886728;39.38284432886728;39.38284432886728;39.38284432886728;39.38284432886728;39.38284432886728;39.38284432886728
