;CVCF;Original;MIL max;MIL min;MIL Extreme;BOW;CKNN;DIVERSE DENSITY;EM-DD;MILBOOST
0;MIL max;69.28571428571429;69.28571428571429;69.28571428571429;69.28571428571429;69.28571428571429;69.28571428571429;69.28571428571429;69.28571428571429;69.28571428571429
1;MIL min;61.07142857142857;61.07142857142857;61.07142857142857;61.07142857142857;61.07142857142857;61.07142857142857;61.07142857142857;61.07142857142857;61.07142857142857
2;MIL Extreme;58.17460317460317;58.17460317460317;58.17460317460317;58.17460317460317;58.17460317460317;58.17460317460317;58.17460317460317;58.17460317460317;58.17460317460317
3;BOW;76.5873015873016;76.5873015873016;74.36507936507937;76.5873015873016;76.5873015873016;76.5873015873016;74.36507936507937;72.14285714285714;72.14285714285714
4;CKNN;56.34920634920634;56.34920634920634;56.34920634920634;56.34920634920634;56.34920634920634;56.34920634920634;56.34920634920634;56.34920634920634;56.34920634920634
5;DIVERSE DENSITY;69.28571428571429;69.28571428571429;69.28571428571429;69.28571428571429;69.28571428571429;69.28571428571429;69.28571428571429;69.28571428571429;69.28571428571429
6;EM-DD;66.78571428571429;61.07142857142857;61.07142857142857;56.07142857142857;61.07142857142857;64.28571428571428;58.92857142857142;66.78571428571429;58.57142857142857
7;MILBOOST;35.4109977324263;35.4109977324263;35.4109977324263;35.4109977324263;35.4109977324263;35.4109977324263;35.4109977324263;35.4109977324263;35.4109977324263
