;IPF;Original;MIL max;MIL min;MIL Extreme;BOW;CKNN;DIVERSE DENSITY;EM-DD;MILBOOST
0;MIL max;86.46848349600643;86.46848349600643;86.46848349600643;86.46848349600643;86.46848349600643;86.46848349600643;86.46848349600643;86.46848349600643;86.46848349600643
1;MIL min;84.67171591942234;84.67171591942234;84.67171591942234;84.67171591942234;84.67171591942234;84.67171591942234;84.67171591942234;84.67171591942234;84.67171591942234
2;MIL Extreme;87.38925080209484;87.38925080209484;87.38925080209484;87.38925080209484;87.38925080209484;87.38925080209484;87.38925080209484;87.38925080209484;87.38925080209484
3;BOW;86.49162590446994;85.39568258834313;85.75106883363763;85.76101706376936;85.7576809503415;86.66850002629819;86.29658348924404;85.57589282359925;86.12798954083358
4;CKNN;75.40011571204232;75.40011571204232;75.40011571204232;75.40011571204232;75.40011571204232;75.40011571204232;75.40011571204232;75.40011571204232;75.40011571204232
5;DIVERSE DENSITY;51.44453711426189;25.02585487906589;38.54592039913141;38.84783866435243;26.05504587155964;50.65934825567854;13.394495412844037;0.0;64.42248420230072
6;EM-DD;79.57222610433618;81.92618473352418;83.57574254821961;79.20191751384411;78.65306674480988;77.76875624582047;81.92275845486854;77.00842293502843;82.27978270180105
7;MILBOOST;36.204284234659575;36.204284234659575;36.204284234659575;36.204284234659575;36.204284234659575;36.204284234659575;36.204284234659575;36.204284234659575;36.204284234659575
