;IPF;Original;MIL max;MIL min;MIL Extreme;BOW;CKNN;DIVERSE DENSITY;EM-DD;MILBOOST
0;MIL max;96.34680134680136;96.34680134680136;96.34680134680136;96.34680134680136;96.34680134680136;96.34680134680136;96.34680134680136;96.34680134680136;96.34680134680136
1;MIL min;93.43771043771042;93.43771043771042;93.43771043771042;93.43771043771042;93.43771043771042;93.43771043771042;93.43771043771042;93.43771043771042;93.43771043771042
2;MIL Extreme;96.34680134680136;96.34680134680136;96.34680134680136;96.34680134680136;96.34680134680136;96.34680134680136;96.34680134680136;96.34680134680136;96.34680134680136
3;BOW;83.94276094276094;83.3973063973064;84.12121212121212;83.02020202020202;83.56902356902357;83.3939393939394;83.39057239057237;83.5824915824916;83.93939393939395
4;CKNN;84.86531986531986;84.86531986531986;84.86531986531986;84.86531986531986;84.86531986531986;84.86531986531986;84.86531986531986;84.86531986531986;84.86531986531986
5;DIVERSE DENSITY;34.87205387205387;34.0;17.454545454545453;32.909090909090914;16.0;33.63636363636364;34.0;35.090909090909086;32.54545454545455
6;EM-DD;94.88552188552188;92.87878787878788;93.97643097643098;92.70370370370371;93.24579124579125;92.15488215488216;91.97306397306396;93.43097643097643;92.33670033670035
7;MILBOOST;20.43842124953236;20.43842124953236;20.43842124953236;20.43842124953236;20.43842124953236;20.43842124953236;20.43842124953236;20.43842124953236;20.43842124953236
