;CVCF;Original;MIL max;MIL min;MIL Extreme;BOW;CKNN;DIVERSE DENSITY;EM-DD;MILBOOST
0;MIL max;58.654970760233915;58.654970760233915;58.654970760233915;58.654970760233915;58.654970760233915;58.654970760233915;58.654970760233915;58.654970760233915;58.654970760233915
1;MIL min;69.47368421052632;69.47368421052632;69.47368421052632;69.47368421052632;69.47368421052632;69.47368421052632;69.47368421052632;69.47368421052632;69.47368421052632
2;MIL Extreme;74.85380116959064;74.85380116959064;74.85380116959064;74.85380116959064;74.85380116959064;74.85380116959064;74.85380116959064;74.85380116959064;74.85380116959064
3;BOW;53.09941520467836;54.444444444444436;47.953216374269005;49.00584795321637;44.327485380116954;50.99415204678363;51.228070175438596;48.88888888888889;51.92982456140351
4;CKNN;73.85964912280703;73.85964912280703;73.85964912280703;73.85964912280703;73.85964912280703;73.85964912280703;73.85964912280703;73.85964912280703;73.85964912280703
5;DIVERSE DENSITY;68.12865497076024;68.24561403508773;59.53216374269006;61.81286549707602;65.2046783625731;59.70760233918129;61.81286549707602;59.64912280701755;69.41520467836257
6;EM-DD;70.46783625730993;77.01754385964912;74.73684210526315;72.51461988304094;73.62573099415204;74.7953216374269;74.73684210526315;71.46198830409355;71.52046783625731
7;MILBOOST;50.94182825484764;50.94182825484764;50.94182825484764;50.94182825484764;50.94182825484764;50.94182825484764;50.94182825484764;50.94182825484764;50.94182825484764
