;EF;Original;Filtro_1;Filtro_2
0;MIL max;95.07070707070707;95.07407407407408;89.96969696969697
1;MIL min;93.15319865319866;92.78282828282829;85.22222222222223
2;MIL Extreme;93.85297418630753;93.84960718294052;87.23232323232324
3;BOW;91.32744107744108;90.6885521885522;85.45202020202021
4;CKNN;88.4969696969697;89.41077441077441;84.96430976430979
5;DIVERSE DENSITY;76.41414141414141;77.20594837261504;76.37934904601573
6;EM-DD;76.94227994227994;78.87253487253487;77.25060125060124
7;MILBOOST;69.8792976056865;71.56827066965955;70.14907875046764
