;EF;Original;Filtro_1;Filtro_2
0;MIL max;60.5;56.0;60.0
1;MIL min;57.0;54.25;55.5
2;MIL Extreme;56.666666666666664;55.0;56.666666666666664
3;BOW;56.125;55.625;56.625
4;CKNN;56.0;55.8;57.2
5;DIVERSE DENSITY;54.5;55.416666666666664;57.25
6;EM-DD;55.142857142857146;55.714285714285715;57.857142857142854
7;MILBOOST;54.5;55.0;56.875
