;EF;Original;Filtro_1;Filtro_2
0;MIL max;66.72681704260651;63.922305764411036;65.8796992481203
1;MIL min;69.13408521303259;65.32706766917293;65.83208020050127
2;MIL Extreme;71.2731829573935;66.12865497076024;67.76858813700919
3;BOW;68.99624060150376;65.31516290726816;66.0701754385965
4;CKNN;68.85463659147868;65.3984962406015;67.193984962406
5;DIVERSE DENSITY;67.48412698412697;64.14452798663325;65.97493734335839
6;EM-DD;66.6548514142499;63.66380236305048;65.52595775152166
7;MILBOOST;63.24585052857708;60.51095407692162;62.02261150997795
