;CVCF;Original;MIL max;MIL min;MIL Extreme;BOW;CKNN;DIVERSE DENSITY;EM-DD;MILBOOST
0;MIL max;86.48841001134579;86.68181442493369;85.58089699374104;86.31814800622139;85.39413475193292;86.31156594459347;69.28237495209972;84.84862009632653;35.764338149659245
1;MIL min;81.58738889014118;83.21889863174266;80.6765698141845;83.94950747244324;83.75774106049336;79.56737220957403;75.22315142498628;82.31308372592775;36.31312880854165
2;MIL Extreme;85.76605128898709;86.49666012968764;85.58753916552082;86.1346617676893;86.32312212128727;86.68181442493368;64.96793874775526;84.84698209468851;35.76433814965925
3;BOW;85.58092704881696;86.48510395299385;81.57082854330562;84.84862009632653;82.84352576095696;83.57252665509546;64.78445250922316;82.09474862685872;36.31149080690365
4;CKNN;73.72062304172395;74.26610764225441;75.7141311453238;74.26116358226449;74.4446498207966;74.81486824606091;66.2358121257204;73.89582910683828;44.14841196492573
5;DIVERSE DENSITY;27.465079758657744;38.41534612176814;66.80777524814224;25.688073394495415;51.324902884535916;38.11389371022399;38.72610057931159;41.34945788156797;35.94949244490529
6;EM-DD;77.7440359458708;77.72416954068329;77.93255640962063;79.71264341906544;79.38227802447986;79.38546386252808;67.17144166685452;80.83348736559746;35.947824388191364
7;MILBOOST;36.204284234659575;36.204284234659575;36.204284234659575;36.204284234659575;36.204284234659575;36.204284234659575;36.204284234659575;36.204284234659575;0.0
