;CVCF;Original;MIL max;MIL min;MIL Extreme;BOW;CKNN;DIVERSE DENSITY;EM-DD;MILBOOST
0;MIL max;73.91812865497076;71.81286549707602;67.54385964912282;72.86549707602339;73.9766081871345;74.03508771929825;69.64912280701753;68.47953216374268;54.327485380116954
1;MIL min;81.52046783625731;79.35672514619884;82.63157894736841;81.52046783625731;78.3625730994152;82.63157894736841;76.08187134502923;83.5672514619883;54.327485380116954
2;MIL Extreme;82.63157894736841;76.14035087719297;79.23976608187135;82.63157894736841;83.68421052631581;83.74269005847954;78.18713450292395;77.01754385964912;53.1578947368421
3;BOW;64.26900584795321;58.771929824561404;52.222222222222214;66.25730994152048;57.60233918128655;66.4327485380117;54.32748538011697;56.37426900584795;54.26900584795321
4;CKNN;83.62573099415204;82.57309941520468;80.23391812865496;82.51461988304092;82.57309941520468;81.52046783625731;74.73684210526316;84.67836257309942;57.66081871345028
5;DIVERSE DENSITY;73.80116959064328;62.865497076023395;68.30409356725146;63.918128654970744;63.09941520467836;67.13450292397661;63.9766081871345;75.90643274853801;52.16374269005847
6;EM-DD;84.61988304093566;78.12865497076022;78.18713450292397;80.29239766081871;81.40350877192984;80.23391812865496;77.01754385964912;75.96491228070175;53.21637426900585
7;MILBOOST;53.8589651516706;50.94182825484764;50.94182825484764;50.94182825484764;50.94182825484764;50.94182825484764;50.94182825484764;50.94182825484764;22.400396703259123
