;CVCF;Original;MIL max;MIL min;MIL Extreme;BOW;CKNN;DIVERSE DENSITY;EM-DD;MILBOOST
0;MIL max;72.36130867709815;68.09388335704125;68.62019914651492;69.14651493598862;69.14651493598862;70.73968705547654;70.72546230440967;72.33285917496444;74.46657183499289
1;MIL min;71.7923186344239;67.56756756756756;70.24182076813656;70.24182076813656;68.09388335704125;71.26600284495021;69.14651493598862;70.75391180654339;72.88762446657185
2;MIL Extreme;72.87339971550497;68.09388335704125;69.16073968705547;69.68705547652915;69.14651493598862;70.2275960170697;69.14651493598862;71.80654338549076;73.39971550497866
3;BOW;73.94025604551919;68.09388335704125;68.09388335704125;68.09388335704125;68.09388335704125;70.75391180654339;68.6344238975818;71.29445234708393;72.88762446657184
4;CKNN;79.28876244665717;70.24182076813655;76.5860597439545;76.5860597439545;72.36130867709815;74.4950213371266;73.96870554765292;75.03556187766715;76.11664295874823
5;DIVERSE DENSITY;81.39402560455193;67.58179231863443;68.1081081081081;69.71550497866288;69.71550497866288;76.04551920341393;70.24182076813655;72.9018492176387;75.03556187766713
6;EM-DD;74.45234708392603;68.09388335704125;69.14651493598862;70.19914651493598;70.19914651493598;70.72546230440966;70.19914651493598;72.85917496443811;74.45234708392603
7;MILBOOST;71.69458670319642;66.64490124623387;67.15622337917763;67.6675455121214;67.6675455121214;67.6675455121214;55.187177894372624;70.69735678629891;27.977839335180057
