;CVCF;Original;MIL max;MIL min;MIL Extreme;BOW;CKNN;DIVERSE DENSITY;EM-DD;MILBOOST
0;MIL max;97.77777777777779;81.30952380952382;91.11111111111111;57.777777777777786;77.77777777777779;97.77777777777779;20.0;40.0;2.2222222222222223
1;MIL min;100.0;81.30952380952382;93.33333333333333;60.0;80.0;100.0;0.0;0.0;0.0
2;MIL Extreme;97.14285714285714;81.30952380952382;93.33333333333333;60.0;80.0;100.0;0.0;0.0;2.8571428571428568
3;BOW;90.1984126984127;81.30952380952382;93.33333333333333;60.0;80.0;100.0;0.0;20.0;9.8015873015873
4;CKNN;88.61111111111111;81.30952380952382;95.55555555555556;100.0;100.0;88.61111111111111;100.0;100.0;14.523809523809524
5;DIVERSE DENSITY;97.77777777777779;81.30952380952382;90.83333333333333;80.0;80.0;100.0;0.0;40.0;2.2222222222222223
6;EM-DD;94.64285714285714;81.30952380952382;93.33333333333333;60.0;60.0;100.0;0.0;0.0;0.0
7;MILBOOST;15.939625850340136;10.57697152935248;9.307760141093475;4.444444444444445;7.579365079365078;12.023809523809522;0.0;2.5;9.27295918367347
