;CVCF;Original;MIL max;MIL min;MIL Extreme;BOW;CKNN;DIVERSE DENSITY;EM-DD;MILBOOST
0;MIL max;95.97306397306399;95.97643097643098;95.61279461279462;95.60942760942763;87.93939393939392;95.7946127946128;92.51851851851852;91.97979797979798;19.88888888888889
1;MIL min;91.42087542087543;92.5151515151515;89.95622895622895;92.70033670033669;80.11111111111111;90.50168350168352;87.78787878787878;82.1144781144781;20.07070707070707
2;MIL Extreme;95.98316498316498;95.98316498316498;95.07070707070707;95.7946127946128;85.7946127946128;95.61616161616162;94.89225589225589;91.98316498316498;19.88888888888889
3;BOW;82.29292929292929;81.02020202020202;81.2020202020202;81.75084175084174;80.11111111111111;81.38383838383838;81.02020202020202;81.75420875420875;20.255892255892256
4;CKNN;81.02693602693601;84.31649831649831;83.58922558922559;84.31313131313132;83.38720538720537;82.66666666666667;84.13468013468014;83.38720538720538;33.96296296296296
5;DIVERSE DENSITY;0.0;34.86531986531986;32.72727272727273;50.0;64.11111111111111;0.0;64.47811447811448;48.0;20.067340067340066
6;EM-DD;86.86868686868688;93.79461279461279;91.06397306397307;93.7912457912458;83.94949494949495;69.2020202020202;90.7003367003367;84.65993265993265;19.521885521885523
7;MILBOOST;20.259908852838144;20.43842124953236;20.43842124953236;20.43842124953236;20.43842124953236;20.43842124953236;20.259908852838144;20.259908852838144;0.0
