;IPF;Original;MIL max;MIL min;MIL Extreme;BOW;CKNN;DIVERSE DENSITY;EM-DD;MILBOOST
0;MIL max;75.84795321637426;70.52631578947368;69.35672514619883;70.46783625730994;66.08187134502923;73.6842105263158;59.82456140350877;64.03508771929825;60.8187134502924
1;MIL min;86.84210526315789;82.45614035087719;82.39766081871343;81.34502923976608;82.57309941520468;86.95906432748538;54.3859649122807;75.96491228070175;55.49707602339181
2;MIL Extreme;82.45614035087719;74.91228070175438;73.859649122807;79.18128654970761;72.80701754385964;83.50877192982456;56.49122807017544;70.4093567251462;61.92982456140351
3;BOW;67.30994152046785;54.3859649122807;54.327485380116954;63.21637426900584;57.60233918128655;59.82456140350877;55.43859649122807;58.71345029239767;60.877192982456144
4;CKNN;86.95906432748538;80.35087719298247;82.45614035087719;85.73099415204679;71.9298245614035;82.57309941520468;66.19883040935672;80.2923976608187;60.8187134502924
5;DIVERSE DENSITY;69.5906432748538;73.859649122807;65.26315789473684;65.3216374269006;53.27485380116959;63.09941520467836;57.60233918128655;74.97076023391813;50.05847953216374
6;EM-DD;83.6842105263158;74.91228070175438;76.14035087719297;82.57309941520468;73.9766081871345;80.58479532163742;56.49122807017544;67.30994152046785;58.771929824561404
7;MILBOOST;57.67210423720119;50.94182825484764;50.94182825484764;50.94182825484764;49.95417393385999;49.95417393385999;30.425088061283816;52.825484764542935;33.34222495810677
