;IPF;Original;MIL max;MIL min;MIL Extreme;BOW;CKNN;DIVERSE DENSITY;EM-DD;MILBOOST
0;MIL max;67.5533428165007;67.5533428165007;67.5533428165007;67.5533428165007;67.5533428165007;67.5533428165007;67.5533428165007;67.5533428165007;67.5533428165007
1;MIL min;69.72972972972973;69.72972972972973;69.72972972972973;69.72972972972973;69.72972972972973;69.72972972972973;69.72972972972973;69.72972972972973;69.72972972972973
2;MIL Extreme;68.12233285917496;68.12233285917496;68.12233285917496;68.12233285917496;68.12233285917496;68.12233285917496;68.12233285917496;68.12233285917496;68.12233285917496
3;BOW;68.0796586059744;67.5533428165007;68.6344238975818;67.5533428165007;69.17496443812233;68.09388335704125;67.5533428165007;67.04125177809388;68.09388335704125
4;CKNN;73.92603129445234;70.72546230440966;72.34708392603129;72.275960170697;68.05120910384069;73.9118065433855;71.28022759601707;70.19914651493599;72.87339971550497
5;DIVERSE DENSITY;75.02133712660029;75.54765291607397;75.02133712660029;75.54765291607397;75.02133712660029;73.44238975817925;75.54765291607397;76.60028449502134;71.29445234708393
6;EM-DD;66.50071123755335;67.04125177809388;53.883357041251784;52.98719772403983;66.50071123755335;67.04125177809388;39.82930298719773;67.04125177809388;67.04125177809388
7;MILBOOST;65.62225698034638;65.62225698034638;65.62225698034638;65.62225698034638;65.62225698034638;65.62225698034638;65.62225698034638;65.62225698034638;65.62225698034638
