;IPF;Original;MIL max;MIL min;MIL Extreme;BOW;CKNN;DIVERSE DENSITY;EM-DD;MILBOOST
0;MIL max;71.9298245614035;71.9298245614035;71.9298245614035;71.9298245614035;71.9298245614035;71.9298245614035;71.9298245614035;71.9298245614035;71.9298245614035
1;MIL min;81.52046783625731;81.52046783625731;81.52046783625731;81.52046783625731;81.52046783625731;81.52046783625731;81.52046783625731;81.52046783625731;81.52046783625731
2;MIL Extreme;73.85964912280703;73.85964912280703;73.85964912280703;73.85964912280703;73.85964912280703;73.85964912280703;73.85964912280703;73.85964912280703;73.85964912280703
3;BOW;61.87134502923976;58.771929824561404;59.76608187134502;59.649122807017534;63.040935672514614;63.040935672514614;68.42105263157895;60.877192982456144;56.37426900584795
4;CKNN;76.08187134502923;76.08187134502923;76.08187134502923;76.08187134502923;76.08187134502923;76.08187134502923;76.08187134502923;76.08187134502923;76.08187134502923
5;DIVERSE DENSITY;68.71345029239765;65.43859649122805;67.54385964912281;69.53216374269006;67.60233918128657;64.3859649122807;67.60233918128657;74.97076023391813;74.03508771929823
6;EM-DD;78.24561403508771;74.97076023391813;74.97076023391813;78.24561403508771;76.0233918128655;79.41520467836257;77.13450292397661;79.35672514619884;77.19298245614034
7;MILBOOST;50.94182825484764;50.94182825484764;50.94182825484764;50.94182825484764;50.94182825484764;50.94182825484764;50.94182825484764;50.94182825484764;50.94182825484764
