;IPF;Original;MIL max;MIL min;MIL Extreme;BOW;CKNN;DIVERSE DENSITY;EM-DD;MILBOOST
0;MIL max;69.28571428571429;69.28571428571429;69.28571428571429;69.28571428571429;69.28571428571429;69.28571428571429;69.28571428571429;69.28571428571429;69.28571428571429
1;MIL min;69.28571428571429;69.28571428571429;69.28571428571429;69.28571428571429;69.28571428571429;69.28571428571429;69.28571428571429;69.28571428571429;69.28571428571429
2;MIL Extreme;69.28571428571429;69.28571428571429;69.28571428571429;69.28571428571429;69.28571428571429;69.28571428571429;69.28571428571429;69.28571428571429;69.28571428571429
3;BOW;76.86507936507937;81.30952380952382;83.53174603174604;81.30952380952382;80.67460317460318;76.23015873015873;79.0873015873016;78.45238095238096;81.30952380952382
4;CKNN;64.56349206349206;64.56349206349206;64.56349206349206;64.56349206349206;64.56349206349206;64.56349206349206;64.56349206349206;64.56349206349206;64.56349206349206
5;DIVERSE DENSITY;69.28571428571429;69.28571428571429;69.28571428571429;69.28571428571429;69.28571428571429;69.28571428571429;69.28571428571429;69.28571428571429;69.28571428571429
6;EM-DD;69.28571428571429;69.28571428571429;67.06349206349206;69.28571428571429;67.06349206349206;73.73015873015872;69.28571428571429;62.61904761904761;69.28571428571429
7;MILBOOST;35.4109977324263;35.4109977324263;35.4109977324263;35.4109977324263;35.4109977324263;35.4109977324263;35.4109977324263;35.4109977324263;35.4109977324263
