MIL min;MIL-EF-CON;MIL-CVCF-CON;MIL-IPF-CON;MIL-EF-MAX;MIL-CVCF-MAX;MIL-IPF-MAX
Musk 1;70.23391813;69.47368421;70.64327485;65.9502924;68.29678363;64.26900585
Musk 2;70.64035088;67.53634085;66.87969925;65.57957393;59.75062657;61.29636591
Muta 1;65.30227596;66.50071124;69.72972973;68.36415363;69.96088193;69.67283073
Muta 2;78.80952381;69.28571429;62.61904762;79.54365079;55.95734127;69.28571429
Tiger;62.75;61.5;60.5;64.25;54.0625;64.5
Fox;52;50.5;50.5;54.875;51.9375;51.375
Elephant;63;53.5;53.5;61.625;54.75;52.5
BRCR;78.59484255;80.66167752;49.45;76.80721547;69.17193006;39.05
WIWR;86.58838384;85.57912458;49.45;87.13299663;76.82112795;39.05
