MILBOOST;MIL-EF-CON;MIL-CVCF-CON;MIL-IPF-CON;MIL-EF-MAX;MIL-CVCF-MAX;MIL-IPF-MAX
Musk 1;75.80120806;50.94182825;50.94182825;74.67547707;46.00069252;46.54765569
Musk 2;67.75571895;39.38284433;39.38284433;67.78313123;34.01956929;35.35899884
Muta 1;67.31640232;65.62225698;65.62225698;66.98132521;64.79377399;65.62225698
Muta 2;76.94581247;35.41099773;35.41099773;77.55018385;6.691606041;35.41099773
Tiger;67.90625;50;50;66.53125;48.9875;50
Fox;58.0625;50;50;57.90625;43.75;48.39375
Elephant;71.71875;50;50;70.40625;45.059375;45.296875
BRCR;75.24161932;36.20428423;36.20428423;75.02710403;33.53158976;19.55
WIWR;81.21305181;20.43842125;20.43842125;80.46221006;18.40659527;9.55
