;EF;Original;Filtro_1;Filtro_2
0;MIL max;72.5;67.0;72.5
1;MIL min;71.0;61.75;69.25
2;MIL Extreme;72.33333333333333;63.5;70.66666666666667
3;BOW;71.25;64.125;69.875
4;CKNN;70.3;65.2;69.9
5;DIVERSE DENSITY;67.41666666666667;62.916666666666664;66.83333333333333
6;EM-DD;66.35714285714286;63.0;65.71428571428571
7;MILBOOST;64.3125;61.375;63.75
