;EF;Original;Filtro_1;Filtro_2
0;MIL max;95.98316498316498;95.61952861952862;93.7979797979798
1;MIL min;94.6094276094276;93.24410774410775;89.33164983164984
2;MIL Extreme;95.12794612794612;94.1571268237935;91.06397306397307
3;BOW;92.19360269360268;90.8274410774411;88.37121212121212
4;CKNN;90.14141414141413;89.37441077441078;87.41077441077441
5;DIVERSE DENSITY;88.86419753086419;88.37542087542086;86.64927048260382
6;EM-DD;88.7080327080327;89.09427609427608;87.30351130351131
7;MILBOOST;80.17433127572016;80.51229423868314;78.94537504676393
