;EF;Original;Filtro_1;Filtro_2
0;MIL max;69.28571428571429;81.30952380952382;81.30952380952382
1;MIL min;69.28571428571428;81.30952380952381;81.30952380952381
2;MIL Extreme;69.28571428571426;81.30952380952382;81.30952380952382
3;BOW;72.22222222222221;81.30952380952382;81.30952380952382
4;CKNN;71.15079365079364;81.43650793650794;80.69841269841271
5;DIVERSE DENSITY;70.8399470899471;81.41534391534393;80.80026455026456
6;EM-DD;70.30045351473923;81.40022675736962;80.87301587301587
7;MILBOOST;65.9392715419501;77.27912808641975;74.0526384164777
