;IPF;Original;MIL max;MIL min;MIL Extreme;BOW;CKNN;DIVERSE DENSITY;EM-DD;MILBOOST
0;MIL max;67.04125177809388;67.04125177809388;67.04125177809388;67.04125177809388;67.04125177809388;67.04125177809388;67.04125177809388;67.04125177809388;67.04125177809388
1;MIL min;69.6728307254623;69.6728307254623;69.6728307254623;69.6728307254623;69.6728307254623;69.6728307254623;69.6728307254623;69.6728307254623;69.6728307254623
2;MIL Extreme;70.21337126600284;70.21337126600284;70.21337126600284;70.21337126600284;70.21337126600284;70.21337126600284;70.21337126600284;70.21337126600284;70.21337126600284
3;BOW;67.5533428165007;67.5533428165007;68.09388335704125;67.5533428165007;68.07965860597439;68.62019914651493;68.07965860597439;68.07965860597439;68.07965860597439
4;CKNN;70.22759601706971;73.88335704125177;72.3470839260313;77.63869132290185;73.3570412517781;71.22332859174965;69.70128022759602;74.45234708392604;74.93598862019914
5;DIVERSE DENSITY;72.38975817923186;68.60597439544807;72.91607396870555;71.77809388335703;71.84921763869133;69.14651493598862;70.27027027027027;69.72972972972973;72.36130867709815
6;EM-DD;66.50071123755335;53.34281650071124;66.50071123755335;66.50071123755335;67.02702702702702;66.50071123755335;66.50071123755335;66.50071123755335;67.02702702702702
7;MILBOOST;65.62225698034638;65.62225698034638;65.62225698034638;65.62225698034638;65.62225698034638;65.62225698034638;65.62225698034638;65.62225698034638;65.62225698034638
