MIL Extreme;MIL-EF-CON;MIL-CVCF-CON;MIL-IPF-CON;MIL-EF-MAX;MIL-CVCF-MAX;MIL-IPF-MAX
Musk 1;72.01754386;74.85380117;74.97076023;67.85575049;66.46929825;69.59064327
Musk 2;71.9273183;74.55137845;70.5839599;66.94862155;60.21397243;58.23558897
Muta 1;65.25367473;67.02702703;68.12233286;68.36415363;70.83214794;68.6059744
Muta 2;78.80952381;69.28571429;69.28571429;78.80291005;47.42063492;69.28571429
Tiger;64;66;60.5;65.08333333;57.5625;71
Fox;52.33333333;63.5;60.5;55.83333333;51.1875;52.875
Elephant;65.33333333;71.5;69;63.16666667;63.875;69
BRCR;80.34577864;81.22023608;49.45;77.87685684;72.37932887;39.05
WIWR;88.2345679;94.35016835;49.45;87.68069585;81.45664983;39.05
