;IPF;Original;MIL max;MIL min;MIL Extreme;BOW;CKNN;DIVERSE DENSITY;EM-DD;MILBOOST
0;MIL max;96.16835016835017;96.16835016835017;96.16835016835017;96.16835016835017;96.16835016835017;96.16835016835017;96.16835016835017;96.16835016835017;96.16835016835017
1;MIL min;93.25252525252526;93.25252525252526;93.25252525252526;93.25252525252526;93.25252525252526;93.25252525252526;93.25252525252526;93.25252525252526;93.25252525252526
2;MIL Extreme;96.35353535353536;96.35353535353536;96.35353535353536;96.35353535353536;96.35353535353536;96.35353535353536;96.35353535353536;96.35353535353536;96.35353535353536
3;BOW;83.76094276094275;84.12457912457913;83.75757575757575;83.3973063973064;84.12457912457911;84.3063973063973;83.39057239057239;84.48821548821549;83.3939393939394
4;CKNN;82.65656565656566;82.65656565656566;82.65656565656566;82.65656565656566;82.65656565656566;82.65656565656566;82.65656565656566;82.65656565656566;82.65656565656566
5;DIVERSE DENSITY;48.11111111111111;33.38047138047138;35.81818181818182;17.77777777777778;16.727272727272727;16.0;36.0;0.0;32.72727272727273
6;EM-DD;88.14814814814815;91.23569023569023;73.45454545454545;90.6936026936027;90.51178451178451;73.59259259259258;87.78114478114477;88.33333333333333;92.14814814814817
7;MILBOOST;20.43842124953236;20.43842124953236;20.43842124953236;20.43842124953236;20.43842124953236;20.43842124953236;20.43842124953236;20.43842124953236;20.43842124953236
