;IPF;Original;MIL max;MIL min;MIL Extreme;BOW;CKNN;DIVERSE DENSITY;EM-DD;MILBOOST
0;MIL max;69.28571428571429;69.28571428571429;69.28571428571429;69.28571428571429;69.28571428571429;69.28571428571429;69.28571428571429;69.28571428571429;69.28571428571429
1;MIL min;69.28571428571429;69.28571428571429;69.28571428571429;69.28571428571429;69.28571428571429;69.28571428571429;69.28571428571429;69.28571428571429;69.28571428571429
2;MIL Extreme;69.28571428571429;69.28571428571429;69.28571428571429;69.28571428571429;69.28571428571429;69.28571428571429;69.28571428571429;69.28571428571429;69.28571428571429
3;BOW;76.23015873015873;74.0079365079365;74.0079365079365;76.23015873015873;74.0079365079365;74.0079365079365;71.78571428571429;74.0079365079365;74.0079365079365
4;CKNN;72.81746031746032;72.81746031746032;72.81746031746032;72.81746031746032;72.81746031746032;72.81746031746032;72.81746031746032;72.81746031746032;72.81746031746032
5;DIVERSE DENSITY;69.28571428571429;69.28571428571429;69.28571428571429;69.28571428571429;69.28571428571429;69.28571428571429;69.28571428571429;69.28571428571429;69.28571428571429
6;EM-DD;69.28571428571429;74.0079365079365;69.28571428571429;69.28571428571429;69.28571428571429;69.28571428571429;75.95238095238095;69.28571428571429;71.5079365079365
7;MILBOOST;35.4109977324263;35.4109977324263;35.4109977324263;35.4109977324263;35.4109977324263;35.4109977324263;35.4109977324263;35.4109977324263;35.4109977324263
