;IPF;Original;MIL max;MIL min;MIL Extreme;BOW;CKNN;DIVERSE DENSITY;EM-DD;MILBOOST
0;MIL max;69.28571428571429;69.28571428571429;69.28571428571429;69.28571428571429;69.28571428571429;69.28571428571429;69.28571428571429;69.28571428571429;69.28571428571429
1;MIL min;69.28571428571429;69.28571428571429;69.28571428571429;69.28571428571429;69.28571428571429;69.28571428571429;69.28571428571429;69.28571428571429;69.28571428571429
2;MIL Extreme;69.28571428571429;69.28571428571429;69.28571428571429;69.28571428571429;69.28571428571429;69.28571428571429;69.28571428571429;69.28571428571429;69.28571428571429
3;BOW;78.45238095238096;81.30952380952382;81.30952380952382;81.30952380952382;81.30952380952382;81.30952380952382;78.45238095238096;83.53174603174604;83.53174603174604
4;CKNN;69.84126984126985;67.61904761904762;69.84126984126985;69.84126984126985;67.61904761904762;69.84126984126985;69.84126984126985;67.61904761904762;69.84126984126985
5;DIVERSE DENSITY;69.28571428571429;69.28571428571429;69.28571428571429;69.28571428571429;69.28571428571429;69.28571428571429;69.28571428571429;69.28571428571429;69.28571428571429
6;EM-DD;71.5079365079365;71.78571428571429;69.28571428571429;74.0079365079365;71.5079365079365;73.73015873015873;71.5079365079365;62.61904761904761;69.28571428571429
7;MILBOOST;35.4109977324263;35.4109977324263;35.4109977324263;35.4109977324263;35.4109977324263;35.4109977324263;35.4109977324263;35.4109977324263;35.4109977324263
