;IPF;Original;MIL max;MIL min;MIL Extreme;BOW;CKNN;DIVERSE DENSITY;EM-DD;MILBOOST
0;MIL max;67.04125177809388;66.50071123755335;66.50071123755335;66.50071123755335;66.50071123755335;66.50071123755335;66.50071123755335;67.04125177809388;67.04125177809388
1;MIL min;69.14651493598862;69.14651493598862;69.14651493598862;69.14651493598862;69.14651493598862;69.14651493598862;69.14651493598862;69.14651493598862;69.14651493598862
2;MIL Extreme;69.16073968705547;69.16073968705547;69.16073968705547;69.16073968705547;69.16073968705547;69.16073968705547;69.16073968705547;69.16073968705547;69.16073968705547
3;BOW;67.02702702702702;68.62019914651492;69.13229018492176;66.50071123755335;67.02702702702702;67.56756756756756;67.5533428165007;67.5533428165007;67.04125177809388
4;CKNN;69.10384068278805;72.3470839260313;71.77809388335703;73.9118065433855;71.26600284495022;73.88335704125178;74.95021337126602;69.71550497866289;74.42389758179232
5;DIVERSE DENSITY;70.73968705547652;74.46657183499289;71.8207681365576;73.92603129445234;71.28022759601707;72.87339971550497;70.73968705547654;72.87339971550497;72.34708392603129
6;EM-DD;67.02702702702702;66.50071123755335;66.50071123755335;66.50071123755335;66.50071123755335;66.50071123755335;66.50071123755335;52.98719772403983;66.50071123755335
7;MILBOOST;65.62225698034638;65.62225698034638;65.62225698034638;65.62225698034638;65.62225698034638;65.62225698034638;65.62225698034638;65.62225698034638;65.62225698034638
