;IPF;Original;MIL max;MIL min;MIL Extreme;BOW;CKNN;DIVERSE DENSITY;EM-DD;MILBOOST
0;MIL max;71.49874686716791;71.49874686716791;71.49874686716791;71.49874686716791;71.49874686716791;71.49874686716791;71.49874686716791;71.49874686716791;71.49874686716791
1;MIL min;75.20300751879698;75.20300751879698;75.20300751879698;75.20300751879698;75.20300751879698;75.20300751879698;75.20300751879698;75.20300751879698;75.20300751879698
2;MIL Extreme;79.06516290726817;79.06516290726817;79.06516290726817;79.06516290726817;79.06516290726817;79.06516290726817;79.06516290726817;79.06516290726817;79.06516290726817
3;BOW;67.44110275689222;70.3984962406015;68.39348370927317;65.6842105263158;65.58395989974937;65.48370927318295;72.54636591478696;66.53634085213032;62.67919799498746
4;CKNN;81.11278195488721;81.11278195488721;81.11278195488721;81.11278195488721;81.11278195488721;81.11278195488721;81.11278195488721;81.11278195488721;81.11278195488721
5;DIVERSE DENSITY;60.92230576441102;61.9749373433584;61.67418546365915;60.817042606516296;58.769423558897245;60.922305764411036;59.66917293233083;59.07017543859649;63.72681704260651
6;EM-DD;79.25563909774436;78.3032581453634;72.29323308270676;76.35087719298245;73.39348370927317;77.3032581453634;76.35087719298245;75.35087719298245;75.19799498746866
7;MILBOOST;39.38284432886728;39.38284432886728;39.38284432886728;39.38284432886728;39.38284432886728;39.38284432886728;39.38284432886728;39.38284432886728;39.38284432886728
