MIL Extreme;MIL-EF-CON;MIL-CVCF-CON;MIL-IPF-CON;MIL-EF-MAX;MIL-CVCF-MAX;MIL-IPF-MAX
Musk 1;79.96101365;86.84210526;84.85380117;80.16569201;77.55116959;76.76900585
Musk 2;75.46700084;80.50877193;82.60902256;72.13659148;70.32800752;65.93546366
Muta 1;66.93930773;70.76813656;68.62019915;67.02702703;69.54125178;69.16073969
Muta 2;81.30952381;69.28571429;69.28571429;81.30952381;57.10813492;69.28571429
Tiger;76.91666667;75;74.5;73.58333333;70.375;74.5
Fox;60.75;64;59.5;58.5;57.5;54.5625
Elephant;76.58333333;83;80.5;73.08333333;75;68.4375
BRCR;85.36865055;86.88171073;87.3892508;84.84470292;78.9492783;39.55
WIWR;95.09820426;96.71380471;96.34680135;93.45959596;86.15656566;39.55
