;CVCF;Original;MIL max;MIL min;MIL Extreme;BOW;CKNN;DIVERSE DENSITY;EM-DD;MILBOOST
0;MIL max;85.58908700193105;85.58908700193105;85.58908700193105;85.58908700193105;85.58908700193105;85.58908700193105;85.58908700193105;85.58908700193105;85.58908700193105
1;MIL min;81.75419456153399;81.75419456153399;81.75419456153399;81.75419456153399;81.75419456153399;81.75419456153399;81.75419456153399;81.75419456153399;81.75419456153399
2;MIL Extreme;87.06028296853985;87.06028296853985;87.06028296853985;87.06028296853985;87.06028296853985;87.06028296853985;87.06028296853985;87.06028296853985;87.06028296853985
3;BOW;85.78424963746065;85.59912539729054;86.6934006567034;86.32973423799112;85.7776375207568;85.96773587599276;86.32476012292526;85.59581933893861;85.23051491858833
4;CKNN;71.70391241950875;71.70391241950875;71.70391241950875;71.70391241950875;71.70391241950875;71.70391241950875;71.70391241950875;71.70391241950875;71.70391241950875
5;DIVERSE DENSITY;12.792792792792792;50.78766840234731;12.727272727272727;39.74873956525333;39.441907295118305;65.14475275943167;50.674210490724256;52.48587035742999;38.90955676276778
6;EM-DD;76.61673015801456;77.92743201917514;82.30632133384428;78.09936208101347;79.01021121204607;78.10600425279326;76.99183253311693;74.23128883679342;81.18556755254002
7;MILBOOST;36.204284234659575;36.204284234659575;36.204284234659575;36.204284234659575;36.204284234659575;36.204284234659575;36.204284234659575;36.204284234659575;36.204284234659575
