;CVCF;Original;MIL max;MIL min;MIL Extreme;BOW;CKNN;DIVERSE DENSITY;EM-DD;MILBOOST
0;MIL max;95.45454545454547;95.45454545454547;95.45454545454547;95.45454545454547;95.45454545454547;95.45454545454547;95.45454545454547;95.45454545454547;95.45454545454547
1;MIL min;91.96632996632998;91.96632996632998;91.96632996632998;91.96632996632998;91.96632996632998;91.96632996632998;91.96632996632998;91.96632996632998;91.96632996632998
2;MIL Extreme;96.0;96.0;96.0;96.0;96.0;96.0;96.0;96.0;96.0
3;BOW;83.3973063973064;83.94949494949495;83.94276094276094;83.94276094276094;83.76767676767676;83.57912457912457;83.76094276094275;84.30976430976432;83.5824915824916
4;CKNN;78.83164983164984;78.83164983164984;78.83164983164984;78.83164983164984;78.83164983164984;78.83164983164984;78.83164983164984;78.83164983164984;78.83164983164984
5;DIVERSE DENSITY;16.727272727272727;33.63636363636364;52.686868686868685;35.81818181818182;52.474747474747474;54.18181818181817;16.0;0.0;35.27272727272727
6;EM-DD;84.47474747474747;69.56565656565655;65.2020202020202;48.29629629629629;83.74747474747474;85.20202020202021;65.56565656565655;83.38383838383838;84.46801346801347
7;MILBOOST;20.43842124953236;20.43842124953236;20.43842124953236;20.43842124953236;20.43842124953236;20.43842124953236;20.43842124953236;20.43842124953236;20.43842124953236
