;CVCF;Original;MIL max;MIL min;MIL Extreme;BOW;CKNN;DIVERSE DENSITY;EM-DD;MILBOOST
0;MIL max;78.30409356725147;78.30409356725147;78.30409356725147;78.30409356725147;78.30409356725147;78.30409356725147;78.30409356725147;78.30409356725147;78.30409356725147
1;MIL min;74.73684210526315;74.73684210526315;74.73684210526315;74.73684210526315;74.73684210526315;74.73684210526315;74.73684210526315;74.73684210526315;74.73684210526315
2;MIL Extreme;84.7953216374269;84.7953216374269;84.7953216374269;84.7953216374269;84.7953216374269;84.7953216374269;84.7953216374269;84.7953216374269;84.7953216374269
3;BOW;58.71345029239766;63.040935672514614;69.5906432748538;65.3216374269006;60.76023391812864;61.81286549707603;53.040935672514614;64.15204678362572;55.43859649122807
4;CKNN;80.4093567251462;80.4093567251462;80.4093567251462;80.4093567251462;80.4093567251462;80.4093567251462;80.4093567251462;80.4093567251462;80.4093567251462
5;DIVERSE DENSITY;71.75438596491229;71.69590643274853;67.42690058479533;69.47368421052632;73.91812865497077;70.58479532163742;72.92397660818713;71.69590643274853;76.08187134502923
6;EM-DD;82.69005847953217;84.85380116959064;86.95906432748538;84.85380116959064;85.90643274853804;86.95906432748538;82.7485380116959;84.85380116959064;80.64327485380117
7;MILBOOST;50.94182825484764;50.94182825484764;50.94182825484764;50.94182825484764;50.94182825484764;50.94182825484764;50.94182825484764;50.94182825484764;50.94182825484764
