;CVCF;Original;MIL max;MIL min;MIL Extreme;BOW;CKNN;DIVERSE DENSITY;EM-DD;MILBOOST
0;MIL max;69.28571428571429;69.28571428571429;69.28571428571429;69.28571428571429;69.28571428571429;69.28571428571429;69.28571428571429;69.28571428571429;69.28571428571429
1;MIL min;69.28571428571429;69.28571428571429;69.28571428571429;69.28571428571429;69.28571428571429;69.28571428571429;69.28571428571429;69.28571428571429;69.28571428571429
2;MIL Extreme;69.28571428571429;69.28571428571429;69.28571428571429;69.28571428571429;69.28571428571429;69.28571428571429;69.28571428571429;69.28571428571429;69.28571428571429
3;BOW;79.0873015873016;79.0873015873016;79.0873015873016;74.0079365079365;76.23015873015873;79.0873015873016;76.23015873015873;76.23015873015873;79.0873015873016
4;CKNN;61.7063492063492;63.92857142857142;63.92857142857142;61.7063492063492;63.92857142857142;63.92857142857142;63.92857142857142;63.92857142857142;61.7063492063492
5;DIVERSE DENSITY;69.28571428571429;69.28571428571429;69.28571428571429;69.28571428571429;69.28571428571429;69.28571428571429;69.28571428571429;69.28571428571429;69.28571428571429
6;EM-DD;75.95238095238096;69.0079365079365;69.28571428571429;69.28571428571429;69.28571428571429;69.28571428571429;69.28571428571429;71.5079365079365;69.28571428571429
7;MILBOOST;35.4109977324263;35.4109977324263;35.4109977324263;35.4109977324263;35.4109977324263;35.4109977324263;35.4109977324263;35.4109977324263;35.4109977324263
