;EF;Original;Filtro_1;Filtro_2
0;MIL max;73.0;71.0;72.0
1;MIL min;74.5;73.75;75.25
2;MIL Extreme;74.5;73.33333333333333;73.83333333333333
3;BOW;72.625;72.75;72.25
4;CKNN;72.1;73.1;72.2
5;DIVERSE DENSITY;69.33333333333333;70.0;68.75
6;EM-DD;68.57142857142857;69.5;68.28571428571429
7;MILBOOST;66.25;67.0625;66.0
