;EF;Original;Filtro_1;Filtro_2
0;MIL max;69.28571428571429;81.30952380952382;81.30952380952382
1;MIL min;69.28571428571428;81.30952380952381;81.30952380952381
2;MIL Extreme;69.28571428571426;81.30952380952382;81.30952380952382
3;BOW;71.66666666666667;81.30952380952382;81.30952380952382
4;CKNN;70.36507936507937;81.75396825396825;82.76984126984127
5;DIVERSE DENSITY;70.18518518518519;81.67989417989419;82.52645502645504
6;EM-DD;70.87301587301586;81.62698412698413;83.07823129251702
7;MILBOOST;66.44026360544218;79.11816578483244;75.9822019085412
