;EF;Original;Filtro_1;Filtro_2
0;MIL max;69.4937343358396;68.4360902255639;70.54636591478696
1;MIL min;73.40100250626567;68.03383458646616;73.50125313283208
2;MIL Extreme;74.93650793650794;68.8345864661654;75.43859649122807
3;BOW;73.55075187969926;69.53634085213034;75.41791979949876
4;CKNN;75.63358395989975;70.71829573934836;76.17593984962406
5;DIVERSE DENSITY;73.16499582289057;69.22765246449458;73.61695906432747
6;EM-DD;73.79162191192266;68.95739348370925;74.72323666308628
7;MILBOOST;69.49052471404073;65.260574839354;70.3056876213089
