;EF;Original;Filtro_1;Filtro_2
0;MIL max;73.5;68.0;69.0
1;MIL min;74.25;67.25;70.5
2;MIL Extreme;74.16666666666667;67.5;70.33333333333333
3;BOW;72.375;67.625;69.375
4;CKNN;71.5;68.3;69.8
5;DIVERSE DENSITY;68.33333333333333;65.16666666666667;66.66666666666667
6;EM-DD;67.07142857142857;65.21428571428571;65.92857142857143
7;MILBOOST;64.9375;63.3125;63.9375
