;EF;Original;Filtro_1;Filtro_2
0;MIL max;64.35277382645805;65.39118065433856;68.60597439544807
1;MIL min;65.66856330014225;66.47226173541965;68.60597439544809
2;MIL Extreme;65.04504504504504;66.65244191559982;68.60597439544809
3;BOW;65.54409672830727;66.7425320056899;68.60597439544807
4;CKNN;67.10384068278805;66.90184921763868;68.60028449502133
5;DIVERSE DENSITY;68.07728781412992;67.01043148411568;68.60123281175912
6;EM-DD;67.77484251168464;67.08799024588497;68.60191018085753
7;MILBOOST;67.50576932026733;67.02942732730484;68.47876101001802
