;EF;Original;Filtro_1;Filtro_2
0;MIL max;74.97076023391813;68.42105263157895;72.7485380116959
1;MIL min;78.30409356725146;73.39181286549709;76.05263157894737
2;MIL Extreme;80.81871345029239;74.60038986354776;77.83625730994153
3;BOW;76.37426900584798;68.74269005847952;74.13742690058479
4;CKNN;77.82456140350877;70.64327485380117;75.81286549707602
5;DIVERSE DENSITY;77.36842105263158;69.775828460039;74.4346978557505
6;EM-DD;77.31829573934837;71.13617376775272;74.5112781954887
7;MILBOOST;74.02123730378578;68.61188057863959;71.56509695290859
