;EF;Original;Filtro_1;Filtro_2
0;MIL max;79.0;70.0;71.5
1;MIL min;71.25;61.5;66.25
2;MIL Extreme;74.16666666666667;65.0;69.0
3;BOW;74.25;65.875;69.25
4;CKNN;75.3;67.6;70.6
5;DIVERSE DENSITY;73.16666666666667;66.25;69.83333333333333
6;EM-DD;73.0;67.35714285714286;70.57142857142857
7;MILBOOST;70.125;65.1875;68.0
