;EF;Original;Filtro_1;Filtro_2
0;MIL max;95.26936026936026;95.81481481481481;84.47474747474747
1;MIL min;93.8989898989899;94.17340067340066;82.2929292929293
2;MIL Extreme;94.65881032547699;94.78114478114477;83.32323232323233
3;BOW;91.79629629629629;91.34175084175084;82.52020202020202
4;CKNN;89.86195286195284;90.15555555555557;82.5117845117845
5;DIVERSE DENSITY;88.81481481481481;89.24298540965209;82.11167227833894
6;EM-DD;88.0937950937951;89.76623376623374;82.03367003367002
7;MILBOOST;79.63687336326225;81.10025720164609;74.33426393565283
