;IPF;Original;MIL max;MIL min;MIL Extreme;BOW;CKNN;DIVERSE DENSITY;EM-DD;MILBOOST
0;MIL max;69.28571428571429;69.28571428571429;69.28571428571429;69.28571428571429;69.28571428571429;69.28571428571429;69.28571428571429;69.28571428571429;69.28571428571429
1;MIL min;69.28571428571429;69.28571428571429;69.28571428571429;69.28571428571429;69.28571428571429;69.28571428571429;69.28571428571429;69.28571428571429;69.28571428571429
2;MIL Extreme;69.28571428571429;69.28571428571429;69.28571428571429;69.28571428571429;69.28571428571429;69.28571428571429;69.28571428571429;69.28571428571429;69.28571428571429
3;BOW;73.73015873015872;78.17460317460318;78.17460317460318;73.73015873015872;73.73015873015872;80.39682539682539;78.17460317460318;80.39682539682539;78.17460317460318
4;CKNN;76.5873015873016;76.5873015873016;76.5873015873016;76.5873015873016;76.5873015873016;76.5873015873016;76.5873015873016;78.80952380952382;76.5873015873016
5;DIVERSE DENSITY;69.28571428571429;69.28571428571429;69.28571428571429;69.28571428571429;69.28571428571429;69.28571428571429;69.28571428571429;69.28571428571429;69.28571428571429
6;EM-DD;75.95238095238095;69.28571428571429;72.14285714285714;69.28571428571429;72.14285714285714;71.5079365079365;69.28571428571429;69.28571428571429;69.28571428571429
7;MILBOOST;35.4109977324263;35.4109977324263;35.4109977324263;35.4109977324263;35.4109977324263;35.4109977324263;35.4109977324263;35.4109977324263;35.4109977324263
