;IPF;Original;MIL max;MIL min;MIL Extreme;BOW;CKNN;DIVERSE DENSITY;EM-DD;MILBOOST
0;MIL max;76.25730994152048;70.7017543859649;72.98245614035088;75.14619883040936;75.08771929824562;76.25730994152048;62.046783625730995;69.5906432748538;58.65497076023392
1;MIL min;89.12280701754386;80.52631578947368;85.84795321637428;84.7953216374269;78.24561403508771;85.84795321637428;56.49122807017544;81.46198830409358;60.877192982456144
2;MIL Extreme;85.96491228070174;83.74269005847952;82.57309941520468;83.74269005847952;77.07602339181285;84.85380116959064;65.38011695906432;78.18713450292397;58.59649122807017
3;BOW;63.1578947368421;67.2514619883041;55.32163742690059;59.88304093567251;56.432748538011694;63.1578947368421;53.21637426900585;57.60233918128655;58.65497076023392
4;CKNN;90.11695906432749;82.57309941520468;89.00584795321637;89.00584795321637;80.29239766081871;89.00584795321637;76.0233918128655;87.89473684210525;64.03508771929823
5;DIVERSE DENSITY;75.14619883040936;77.2514619883041;72.80701754385964;73.04093567251462;70.7017543859649;71.87134502923975;59.76608187134504;71.81286549707602;57.60233918128656
6;EM-DD;89.06432748538013;81.46198830409358;82.51461988304092;88.01169590643276;83.6842105263158;84.7953216374269;61.87134502923976;77.19298245614036;58.71345029239767
7;MILBOOST;57.763756369481214;50.94182825484764;50.94182825484764;50.94182825484764;50.94182825484764;50.94182825484764;30.941828254847643;52.91713689682295;33.81313908553059
