;EF;Original;Filtro_1;Filtro_2
0;MIL max;93.06734006734007;93.25589225589226;88.32996632996633
1;MIL min;88.77777777777779;88.95622895622895;84.22053872053871
2;MIL Extreme;90.75533108866443;90.63299663299664;85.8361391694725
3;BOW;88.59680134680136;88.13888888888889;84.40488215488217
4;CKNN;85.87878787878786;87.4127946127946;84.2774410774411
5;DIVERSE DENSITY;74.25084175084174;84.19977553310885;75.67564534231202
6;EM-DD;75.08802308802309;84.55074555074555;76.4911014911015
7;MILBOOST;68.25682285821173;76.5367050130939;69.48451646090534
