;EF;Original;Filtro_1;Filtro_2
0;MIL max;72.5;61.5;72.0
1;MIL min;67.0;58.5;67.0
2;MIL Extreme;68.33333333333333;60.166666666666664;67.83333333333333
3;BOW;67.625;60.125;67.0
4;CKNN;66.8;60.9;66.9
5;DIVERSE DENSITY;65.25;59.833333333333336;63.916666666666664
6;EM-DD;63.857142857142854;59.214285714285715;62.92857142857143
7;MILBOOST;62.125;58.0625;61.3125
