;EF;Original;Filtro_1;Filtro_2
0;MIL max;62.75960170697014;63.8122332859175;64.92176386913229
1;MIL min;65.1778093883357;64.89331436699858;65.71123755334284
2;MIL Extreme;64.71787577050735;64.53295400663822;65.97439544807968
3;BOW;65.96372688477952;65.024893314367;66.10597439544809
4;CKNN;64.59174964438121;65.53911806543385;65.96586059743954
5;DIVERSE DENSITY;66.23044096728306;65.69938359412043;66.05500237079185
6;EM-DD;66.41942694574273;62.003657793131474;66.1186750660435
7;MILBOOST;66.3197807000682;62.455982691533336;66.05662280533136
