CKNN;MIL-EF-CON;MIL-CVCF-CON;MIL-IPF-CON;MIL-EF-MAX;MIL-CVCF-MAX;MIL-IPF-MAX
Musk 1;71.73684211;78.07017544;76.14035088;66.56725146;72.41959064;68.43567251
Musk 2;66.80200501;67.73182957;69.83709273;64.2556391;60.33145363;69.88972431
Muta 1;67.51351351;65.51209104;71.45803698;67.93029872;70.77524893;69.02560455
Muta 2;82.42063492;61.26984127;77.5;79.42857143;81.48313492;71.26984127
Tiger;67.8;66;61;63.65;62.9375;68.5
Fox;56.2;57;59;54.9;55.75;55.5
Elephant;66.5;68;66;66.55;66.875;69.5
BRCR;78.3325519;64.96630075;49.55;80.89311363;65.84968705;39.15
WIWR;87.18754209;75.74074074;49.55;84.43198653;75.36111111;39.15
