MIL Extreme;MIL-EF-CON;MIL-CVCF-CON;MIL-IPF-CON;MIL-EF-MAX;MIL-CVCF-MAX;MIL-IPF-MAX
Musk 1;61.38401559;67.36842105;73.74269006;61.16959064;60.78216374;62.40497076
Musk 2;61.160401;65.78446115;63.9273183;61.10609858;63.19423559;73.49373434
Muta 1;67.65765766;67.58179232;68.12233286;61.76623992;72.11237553;68.6059744
Muta 2;65.21164021;58.17460317;56.9047619;80.1984127;62.06845238;58.17460317
Tiger;57.33333333;63.5;66;59.83333333;57.9375;61.5
Fox;52.91666667;56.5;52.5;51.58333333;53.75;52.5
Elephant;62.66666667;67;62;61.25;58.3125;56.5625
BRCR;74.00157539;81.54914381;49.35;69.65917043;71.89893229;38.95
WIWR;87.11335578;94.53198653;49.35;85.6986532;79.57575758;38.95
