;CVCF;Original;MIL max;MIL min;MIL Extreme;BOW;CKNN;DIVERSE DENSITY;EM-DD;MILBOOST
0;MIL max;72.40398293029872;65.46230440967283;68.6344238975818;68.12233285917497;69.70128022759602;67.59601706970128;69.71550497866286;72.9018492176387;75.56187766714082
1;MIL min;73.92603129445234;68.09388335704125;70.75391180654339;73.4566145092461;69.6728307254623;71.83499288762447;71.8207681365576;71.25177809388336;72.84495021337126
2;MIL Extreme;72.91607396870555;67.01280227596018;70.28449502133714;68.66287339971551;68.09388335704125;68.13655761024182;68.62019914651493;71.28022759601706;72.87339971550497
3;BOW;77.68136557610242;68.62019914651492;68.6344238975818;69.17496443812233;69.17496443812233;72.34708392603129;69.71550497866288;72.37553342816501;73.96870554765292
4;CKNN;64.80796586059745;69.72972972972973;71.90611664295875;73.4850640113798;72.87339971550497;59.54480796586059;71.30867709815078;73.39971550497867;73.95448079658605
5;DIVERSE DENSITY;79.24608819345661;68.62019914651492;69.68705547652915;70.75391180654339;70.75391180654339;76.05974395448081;71.82076813655762;73.95448079658607;75.54765291607397
6;EM-DD;75.03556187766713;68.09388335704125;68.6344238975818;69.17496443812233;69.70128022759602;69.17496443812233;70.24182076813656;72.90184921763868;75.03556187766713
7;MILBOOST;75.18489141233769;67.13080903018763;68.14074612158014;68.63936108002889;69.6492981714214;69.6492981714214;71.15785022126266;72.66640227110392;75.18489141233769
