;EF;Original;Filtro_1;Filtro_2
0;MIL max;72.80701754385964;77.13450292397661;72.86549707602339
1;MIL min;73.88888888888889;75.52631578947368;73.94736842105263
2;MIL Extreme;74.61988304093568;76.43274853801171;73.93762183235869
3;BOW;69.31286549707603;70.89181286549707;69.2982456140351
4;CKNN;70.69005847953217;72.80701754385964;70.66666666666666
5;DIVERSE DENSITY;71.2280701754386;73.53801169590642;70.69200779727095
6;EM-DD;71.77109440267336;73.90142021720969;71.15288220551378
7;MILBOOST;69.16743613419513;71.03147122191443;68.62650046168051
