;EF;Original;Filtro_1;Filtro_2
0;MIL max;64.73182957393485;68.93233082706766;61.022556390977435
1;MIL min;65.61278195488723;68.71052631578947;64.66040100250626
2;MIL Extreme;67.8939014202172;70.6908939014202;66.27151211361736
3;BOW;63.85902255639097;68.76190476190476;63.50563909774436
4;CKNN;64.97744360902256;69.31979949874686;64.28421052631579
5;DIVERSE DENSITY;63.4515455304929;68.06223893065997;64.50083542188806
6;EM-DD;64.30648048693162;68.52989616899391;64.23916935195129
7;MILBOOST;61.19102596717357;64.88651468897808;61.132128724065794
