MIL max;MIL-EF-CON;MIL-CVCF-CON;MIL-IPF-CON;MIL-EF-MAX;MIL-CVCF-MAX;MIL-IPF-MAX
Musk 1;58.30409357;61.87134503;71.87134503;59.70760234;60.14619883;62.30263158
Musk 2;60.11528822;69.74185464;64.73182957;61.72431078;62.92669173;62.97493734
Muta 1;67.02702703;66.50071124;67.55334282;59.90753912;70.32183499;65.41963016
Muta 2;65.3968254;69.28571429;69.28571429;80.1984127;57.7827381;69.28571429
Tiger;58.5;69.5;64;61.75;56.8125;67.5
Fox;54;55;56;52.5;53.0625;62.5
Elephant;67.75;69;70.5;65;54.625;58.375
BRCR;75.82234445;82.30134722;49.35;71.35679132;71.18838146;38.95
WIWR;89.6952862;93.42424242;49.35;87.3989899;79.3047138;38.95
