;IPF;Original;MIL max;MIL min;MIL Extreme;BOW;CKNN;DIVERSE DENSITY;EM-DD;MILBOOST
0;MIL max;69.44110275689222;69.44110275689222;69.44110275689222;69.44110275689222;69.44110275689222;69.44110275689222;69.44110275689222;69.44110275689222;69.44110275689222
1;MIL min;76.30827067669172;76.30827067669172;76.30827067669172;76.30827067669172;76.30827067669172;76.30827067669172;76.30827067669172;76.30827067669172;76.30827067669172
2;MIL Extreme;74.59899749373433;74.59899749373433;74.59899749373433;74.59899749373433;74.59899749373433;74.59899749373433;74.59899749373433;74.59899749373433;74.59899749373433
3;BOW;54.007518796992485;61.922305764411036;62.82205513784461;59.96491228070175;64.77443609022555;56.817042606516296;58.96491228070175;59.11779448621553;55.007518796992485
4;CKNN;69.83709273182956;69.83709273182956;69.83709273182956;69.83709273182956;69.83709273182956;69.83709273182956;69.83709273182956;69.83709273182956;69.83709273182956
5;DIVERSE DENSITY;59.012531328320804;61.774436090225564;59.86967418546366;66.53634085213032;59.86967418546366;63.67919799498746;62.774436090225564;58.96491228070175;59.86967418546366
6;EM-DD;65.67919799498746;69.54135338345864;69.53634085213032;66.58395989974937;64.531328320802;64.67919799498746;67.58395989974937;66.63157894736841;70.54135338345864
7;MILBOOST;39.38284432886728;39.38284432886728;39.38284432886728;39.38284432886728;39.38284432886728;39.38284432886728;39.38284432886728;39.38284432886728;39.38284432886728
