;IPF;Original;MIL max;MIL min;MIL Extreme;BOW;CKNN;DIVERSE DENSITY;EM-DD;MILBOOST
0;MIL max;62.046783625730995;62.046783625730995;62.046783625730995;62.046783625730995;62.046783625730995;62.046783625730995;62.046783625730995;62.046783625730995;62.046783625730995
1;MIL min;76.02339181286548;76.02339181286548;76.02339181286548;76.02339181286548;76.02339181286548;76.02339181286548;76.02339181286548;76.02339181286548;76.02339181286548
2;MIL Extreme;77.19298245614036;77.19298245614036;77.19298245614036;77.19298245614036;77.19298245614036;77.19298245614036;77.19298245614036;77.19298245614036;77.19298245614036
3;BOW;61.87134502923976;59.76608187134502;64.09356725146199;59.76608187134504;55.380116959064324;58.830409356725134;57.54385964912281;58.83040935672515;60.643274853801174
4;CKNN;76.14035087719299;76.14035087719299;76.14035087719299;76.14035087719299;76.14035087719299;76.14035087719299;76.14035087719299;76.14035087719299;76.14035087719299
5;DIVERSE DENSITY;60.99415204678362;66.60818713450293;65.14619883040936;65.2046783625731;69.76608187134502;67.54385964912281;65.43859649122808;63.040935672514614;67.54385964912281
6;EM-DD;78.30409356725147;79.53216374269007;81.6374269005848;82.63157894736841;78.30409356725144;81.6374269005848;79.47368421052632;81.57894736842105;82.7485380116959
7;MILBOOST;50.94182825484764;50.94182825484764;50.94182825484764;50.94182825484764;50.94182825484764;50.94182825484764;50.94182825484764;50.94182825484764;50.94182825484764
