;CVCF;Original;MIL max;MIL min;MIL Extreme;BOW;CKNN;DIVERSE DENSITY;EM-DD;MILBOOST
0;MIL max;95.62626262626262;95.996632996633;96.36026936026936;96.17845117845118;88.88215488215488;96.36026936026937;93.26599326599326;95.8080808080808;19.88888888888889
1;MIL min;92.70033670033669;93.42760942760944;92.15151515151516;93.06397306397307;80.11111111111111;92.15151515151516;87.7912457912458;92.15151515151516;20.252525252525253
2;MIL Extreme;96.72390572390573;96.72390572390573;96.54208754208754;96.54208754208756;88.29292929292929;96.17171717171718;91.80471380471381;95.99326599326601;20.074074074074073
3;BOW;84.11784511784512;81.75084175084174;81.20202020202021;81.38383838383838;80.11111111111111;81.56565656565655;81.20202020202021;83.57912457912457;19.88888888888889
4;CKNN;81.94276094276094;84.68350168350169;84.13804713804714;85.41414141414141;84.86195286195286;84.13131313131312;84.86531986531986;83.58585858585859;41.969696969696976
5;DIVERSE DENSITY;17.272727272727273;50.13131313131313;16.11111111111111;17.454545454545453;80.11111111111111;51.23232323232323;16.18181818181818;52.32323232323233;20.252525252525253
6;EM-DD;86.67340067340066;94.34680134680136;94.17171717171718;93.07070707070707;85.05050505050505;90.69023569023568;87.07070707070707;92.52188552188552;20.07070707070707
7;MILBOOST;20.62017707943634;20.43842124953236;20.43842124953236;20.43842124953236;20.43842124953236;20.43842124953236;20.43842124953236;20.43842124953236;4.183813443072703
