;CVCF;Original;MIL max;MIL min;MIL Extreme;BOW;CKNN;DIVERSE DENSITY;EM-DD;MILBOOST
0;MIL max;70.64327485380116;70.7017543859649;64.21052631578945;69.64912280701755;71.81286549707603;73.91812865497076;69.76608187134504;70.64327485380116;52.10526315789474
1;MIL min;80.7017543859649;73.09941520467837;78.47953216374268;74.21052631578947;75.2046783625731;79.5906432748538;79.47368421052632;81.57894736842105;55.43859649122807
2;MIL Extreme;83.91812865497074;77.36842105263159;79.53216374269007;80.7017543859649;83.91812865497077;88.18713450292398;75.08771929824562;78.47953216374269;55.43859649122807
3;BOW;54.3859649122807;66.08187134502923;53.1578947368421;64.32748538011694;64.15204678362572;52.456140350877185;45.49707602339181;58.71345029239766;53.21637426900585
4;CKNN;84.85380116959065;81.57894736842105;84.79532163742691;83.80116959064327;82.57309941520468;84.79532163742691;76.08187134502924;86.90058479532163;59.76608187134502
5;DIVERSE DENSITY;73.09941520467837;70.64327485380117;77.07602339181287;77.13450292397661;64.61988304093568;71.98830409356725;69.70760233918129;76.0233918128655;54.327485380116954
6;EM-DD;82.63157894736841;79.41520467836258;77.19298245614036;77.19298245614036;75.14619883040936;85.90643274853801;72.7485380116959;77.2514619883041;53.21637426900585
7;MILBOOST;53.8589651516706;50.94182825484764;50.94182825484764;50.94182825484764;50.94182825484764;50.94182825484764;50.94182825484764;50.94182825484764;21.97530864197531
