;CVCF;Original;MIL max;MIL min;MIL Extreme;BOW;CKNN;DIVERSE DENSITY;EM-DD;MILBOOST
0;MIL max;65.97439544807966;65.97439544807966;65.97439544807966;65.97439544807966;65.97439544807966;65.97439544807966;65.97439544807966;65.97439544807966;65.97439544807966
1;MIL min;67.01280227596018;67.01280227596018;67.01280227596018;67.01280227596018;67.01280227596018;67.01280227596018;67.01280227596018;67.01280227596018;67.01280227596018
2;MIL Extreme;66.50071123755335;66.50071123755335;66.50071123755335;66.50071123755335;66.50071123755335;66.50071123755335;66.50071123755335;66.50071123755335;66.50071123755335
3;BOW;67.5533428165007;68.09388335704125;68.09388335704125;68.1081081081081;67.56756756756756;67.04125177809388;67.56756756756756;67.56756756756756;68.64864864864865
4;CKNN;76.0597439544808;70.2275960170697;72.9018492176387;73.41394025604552;75.54765291607397;75.49075391180654;71.29445234708393;75.5049786628734;74.950213371266
5;DIVERSE DENSITY;70.76813655761023;71.29445234708393;75.07823613086771;72.91607396870555;71.29445234708393;75.07823613086771;70.8108108108108;75.07823613086771;69.68705547652915
6;EM-DD;66.50071123755335;66.50071123755335;66.50071123755335;66.50071123755335;66.50071123755335;66.50071123755335;66.50071123755335;66.50071123755335;66.50071123755335
7;MILBOOST;65.62225698034638;65.62225698034638;65.62225698034638;65.62225698034638;65.62225698034638;65.62225698034638;65.62225698034638;65.62225698034638;65.62225698034638
